run_id,sequence,round,elapsed_seconds,score,valid
portfolio-official-native-ledgerv2-01,1,auto-1,300.068703,0.0,True
portfolio-official-native-ledgerv2-01,2,agent-1,344.358219,12.57,True
portfolio-official-native-ledgerv2-01,3,agent-2,532.843208,6.98,True
portfolio-official-native-ledgerv2-01,4,auto-2,600.236646,6.98,True
portfolio-official-native-ledgerv2-01,5,agent-3,668.734015,22.55,True
portfolio-official-native-ledgerv2-01,6,agent-4,838.255609,9.57,True
portfolio-official-native-ledgerv2-01,7,auto-3,900.37892,0.0,True
portfolio-official-native-ledgerv2-01,8,agent-5,994.208373,0.0,True
portfolio-official-native-ledgerv2-01,9,agent-6,1165.788065,11.73,True
portfolio-official-native-ledgerv2-01,10,auto-4,1200.565543,11.73,True
portfolio-official-native-ledgerv2-01,11,agent-7,1345.37522,30.61,True
portfolio-official-native-ledgerv2-01,12,agent-8,1471.646151,29.909999999999997,True
portfolio-official-native-ledgerv2-01,13,auto-5,1500.71769,29.909999999999997,True
portfolio-official-native-ledgerv2-01,14,agent-9,1674.6926,23.25,True
portfolio-official-native-ledgerv2-01,15,auto-6,1800.866795,23.25,True
portfolio-official-native-ledgerv2-01,16,auto-7,2101.023179,23.25,True
portfolio-official-native-ledgerv2-01,17,agent-10,2122.577572,26.810000000000002,True
portfolio-official-native-ledgerv2-01,18,auto-8,2401.256413,30.61,True
portfolio-official-native-ledgerv2-01,19,agent-11,2404.440252,30.61,True
portfolio-official-native-ledgerv2-01,20,agent-12,2621.913782,29.330000000000002,True
portfolio-official-native-ledgerv2-01,21,auto-9,2701.431316,29.330000000000002,True
portfolio-official-native-ledgerv2-01,22,agent-13,2924.493527,28.300000000000004,True
portfolio-official-native-ledgerv2-01,23,auto-10,3001.585275,28.300000000000004,True
portfolio-official-native-ledgerv2-01,24,agent-14,3155.594317,27.16,True
portfolio-official-native-ledgerv2-01,25,auto-11,3301.784651,27.16,True
portfolio-official-native-ledgerv2-01,26,auto-12,3601.952312,27.16,True
portfolio-official-native-ledgerv2-01,27,agent-15,3641.593747,17.64,True
portfolio-official-native-ledgerv2-01,28,auto-13,3902.13516,17.64,True
portfolio-official-native-ledgerv2-01,29,auto-14,4202.450577,17.64,True
portfolio-official-native-ledgerv2-01,30,auto-15,4502.624622,17.64,True
portfolio-official-native-ledgerv2-01,31,agent-16,4787.239909,0.04,True
portfolio-official-native-ledgerv2-01,32,auto-16,4802.801706,0.04,True
portfolio-official-native-ledgerv2-01,33,auto-17,5102.965855,0.04,True
portfolio-official-native-ledgerv2-01,34,auto-18,5403.129569,30.61,True
portfolio-official-native-ledgerv2-01,35,agent-17,5686.091898,29.600000000000005,True
portfolio-official-native-ledgerv2-01,36,auto-19,5703.289151,29.600000000000005,True
portfolio-official-native-ledgerv2-01,37,auto-20,6003.501251,29.600000000000005,True
portfolio-official-native-ledgerv2-01,38,auto-21,6303.742848,29.600000000000005,True
portfolio-official-native-ledgerv2-01,39,agent-18,6316.610349,30.79,True
portfolio-official-native-ledgerv2-01,40,auto-22,6604.289819,30.79,True
portfolio-official-native-ledgerv2-01,41,auto-23,6904.63484,30.79,True
portfolio-official-native-ledgerv2-01,42,agent-19,6926.781626,29.04,True
portfolio-official-native-ledgerv2-01,43,auto-24,7204.876026,29.04,True
portfolio-official-native-ledgerv2-01,44,auto-25,7505.146916,29.04,True
portfolio-official-native-ledgerv2-01,45,auto-26,7805.384052,29.04,True
portfolio-official-native-ledgerv2-01,46,auto-27,8105.615235,29.04,True
portfolio-official-native-ledgerv2-01,47,auto-28,8405.854419,29.04,True
portfolio-official-native-ledgerv2-01,48,auto-29,8706.153822,30.79,True
portfolio-official-native-ledgerv2-01,49,auto-30,9006.427567,30.79,True
portfolio-official-native-ledgerv2-01,50,auto-31,9306.688344,30.79,True
portfolio-official-native-ledgerv2-01,51,agent-20,9557.368806,4.96,True
portfolio-official-native-ledgerv2-01,52,auto-32,9606.998442,4.96,True
portfolio-official-native-ledgerv2-01,53,agent-21,9814.981552,30.18,True
portfolio-official-native-ledgerv2-01,54,auto-33,9907.317332,30.79,True
portfolio-official-native-ledgerv2-01,55,agent-22,10032.405478,4.88,True
portfolio-official-native-ledgerv2-01,56,auto-34,10207.597635,30.79,True
portfolio-official-native-ledgerv2-01,57,agent-23,10249.378073,39.02,True
portfolio-official-native-ledgerv2-01,58,agent-24,10473.270072,37.36,True
portfolio-official-native-ledgerv2-01,59,auto-35,10507.852148,37.36,True
portfolio-official-native-ledgerv2-01,60,agent-25,10668.004556,40.15,True
portfolio-official-native-ledgerv2-01,61,auto-36,10808.0864,40.15,True
portfolio-official-native-ledgerv2-01,62,agent-26,10830.687305,16.66,True
portfolio-official-native-ledgerv2-01,63,auto-37,11108.369396,40.15,True
portfolio-official-native-ledgerv2-01,64,agent-27,11182.966166,24.13,True
portfolio-official-native-ledgerv2-01,65,agent-28,11346.319058,42.68,True
portfolio-official-native-ledgerv2-01,66,auto-38,11408.699812,42.68,True
portfolio-official-native-ledgerv2-01,67,agent-29,11611.459697,42.14,True
portfolio-official-native-ledgerv2-01,68,auto-39,11709.088709,42.14,True
portfolio-official-native-ledgerv2-01,69,agent-30,11820.241258,45.67,True
portfolio-official-native-ledgerv2-01,70,auto-40,12009.372712,45.67,True
portfolio-official-native-ledgerv2-01,71,agent-31,12160.479467,45.67,True
portfolio-official-native-ledgerv2-01,72,auto-41,12309.567331,45.67,True
portfolio-official-native-ledgerv2-01,73,agent-32,12388.261388,43.7,True
portfolio-official-native-ledgerv2-01,74,agent-33,12582.616934,46.58,True
portfolio-official-native-ledgerv2-01,75,auto-42,12609.839797,46.58,True
portfolio-official-native-ledgerv2-01,76,auto-43,12910.058351,46.58,True
portfolio-official-native-ledgerv2-01,77,agent-34,13085.035952,47.47,True
portfolio-official-native-ledgerv2-01,78,auto-44,13210.333337,47.47,True
portfolio-official-native-ledgerv2-01,79,auto-45,13510.559449,47.47,True
portfolio-official-native-ledgerv2-01,80,auto-46,13810.819749,47.47,True
portfolio-official-native-ledgerv2-01,81,agent-35,13818.911399,45.63,True
portfolio-official-native-ledgerv2-01,82,auto-47,14111.16071,45.63,True
portfolio-official-native-ledgerv2-01,83,auto-48,14411.43064,45.63,True
portfolio-official-native-ledgerv2-01,84,auto-49,14711.700295,47.47,True
portfolio-official-native-ledgerv2-01,85,auto-50,15013.090841,47.47,True
portfolio-official-native-ledgerv2-01,86,auto-51,15313.352894,47.47,True
portfolio-official-native-ledgerv2-01,87,auto-52,15613.744199,47.47,True
portfolio-official-native-ledgerv2-01,88,auto-53,15914.087168,47.47,True
portfolio-official-native-ledgerv2-01,89,auto-54,16214.561298,47.47,True
portfolio-official-native-ledgerv2-01,90,agent-36,16236.095926,47.68,True
portfolio-official-native-ledgerv2-01,91,auto-55,16514.816846,47.68,True
portfolio-official-native-ledgerv2-01,92,auto-56,16815.1306,47.68,True
portfolio-official-native-ledgerv2-01,93,agent-37,16973.939106,47.12,True
portfolio-official-native-ledgerv2-01,94,auto-57,17115.556782,47.68,True
portfolio-official-native-ledgerv2-01,95,agent-38,17152.323908,47.61,True
portfolio-official-native-ledgerv2-01,96,agent-39,17358.236614,47.89,True
portfolio-official-native-ledgerv2-01,97,auto-58,17415.867659,47.89,True
portfolio-official-native-ledgerv2-01,98,agent-40,17498.668911,47.22,True
portfolio-official-native-ledgerv2-01,99,agent-41,17650.32494,47.67,True
portfolio-official-native-ledgerv2-01,100,auto-59,17716.157032,47.67,True
portfolio-official-native-ledgerv2-01,101,agent-42,17805.266522,47.89,True
portfolio-official-native-ledgerv2-01,102,agent-43,17949.911783,44.21,True
portfolio-official-native-ledgerv2-01,103,auto-60,18016.38629,44.21,True
portfolio-official-native-ledgerv2-01,104,agent-44,18075.126032,46.07,True
portfolio-official-native-ledgerv2-01,105,agent-45,18280.923404,49.68,True
portfolio-official-native-ledgerv2-01,106,auto-61,18316.74754,49.68,True
portfolio-official-native-ledgerv2-01,107,agent-46,18421.348049,50.63999999999999,True
portfolio-official-native-ledgerv2-01,108,agent-47,18607.995301,40.43,True
portfolio-official-native-ledgerv2-01,109,auto-62,18617.034194,40.43,True
portfolio-official-native-ledgerv2-01,110,agent-48,18828.341285,52.18000000000001,True
portfolio-official-native-ledgerv2-01,111,auto-63,18917.361383,52.18000000000001,True
portfolio-official-native-ledgerv2-01,112,agent-49,19146.147547,41.68,True
portfolio-official-native-ledgerv2-01,113,auto-64,19217.608474,41.68,True
portfolio-official-native-ledgerv2-01,114,auto-65,19517.941977,52.18000000000001,True
portfolio-official-native-ledgerv2-01,115,agent-50,19607.090584,51.800000000000004,True
portfolio-official-native-ledgerv2-01,116,agent-51,19766.330905,51.33,True
portfolio-official-native-ledgerv2-01,117,auto-66,19818.274754,51.33,True
portfolio-official-native-ledgerv2-01,118,auto-67,20118.572026,52.18000000000001,True
portfolio-official-native-ledgerv2-01,119,auto-68,20419.170461,52.18000000000001,True
portfolio-official-native-ledgerv2-01,120,auto-69,20719.751461,52.18000000000001,True
portfolio-official-native-ledgerv2-01,121,agent-52,20961.397793,52.52,True
portfolio-official-native-ledgerv2-01,122,auto-70,21020.045105,52.52,True
portfolio-official-native-ledgerv2-01,123,auto-71,21320.328125,52.52,True
portfolio-official-native-ledgerv2-01,124,agent-53,21587.452167,52.52,True
portfolio-official-native-ledgerv2-01,125,auto-72,21620.618042,52.52,True
portfolio-official-native-ledgerv2-01,126,auto-73,21920.847063,52.52,True
portfolio-official-native-ledgerv2-01,127,agent-54,22175.595647,52.17,True
portfolio-official-native-ledgerv2-01,128,auto-74,22221.165519,52.17,True
portfolio-official-native-ledgerv2-01,129,auto-75,22521.458312,52.17,True
portfolio-official-native-ledgerv2-01,130,auto-76,22821.822262,52.52,True
portfolio-official-native-ledgerv2-01,131,agent-55,23016.922718,52.12,True
portfolio-official-native-ledgerv2-01,132,auto-77,23122.177424,52.12,True
portfolio-official-native-ledgerv2-01,133,auto-78,23422.489265,52.52,True
portfolio-official-native-ledgerv2-01,134,agent-56,23541.29133,37.83,True
portfolio-official-native-ledgerv2-01,135,auto-79,23722.836636,37.83,True
portfolio-official-native-ledgerv2-01,136,auto-80,24023.195475,52.52,True
portfolio-official-native-ledgerv2-01,137,auto-81,24323.554453,52.52,True
portfolio-official-native-ledgerv2-01,138,agent-57,24375.623866,52.52,True
portfolio-official-native-ledgerv2-01,139,agent-58,24585.691316,51.65,True
portfolio-official-native-ledgerv2-01,140,auto-82,24624.067399,51.65,True
portfolio-official-native-ledgerv2-01,141,agent-59,24731.073368,52.17,True
portfolio-official-native-ledgerv2-01,142,agent-60,24896.57869,52.76,True
portfolio-official-native-ledgerv2-01,143,auto-83,24924.406237,52.76,True
portfolio-official-native-ledgerv2-01,144,agent-61,25064.771897,52.71,True
portfolio-official-native-ledgerv2-01,145,agent-62,25186.001574,52.99,True
portfolio-official-native-ledgerv2-01,146,auto-84,25224.782485,52.99,True
portfolio-official-native-ledgerv2-01,147,agent-63,25359.948309,52.42,True
portfolio-official-native-ledgerv2-01,148,auto-85,25525.109602,52.99,True
portfolio-official-native-ledgerv2-01,149,agent-64,25551.33693,52.96999999999999,True
portfolio-official-native-ledgerv2-01,150,agent-65,25684.501549,52.54,True
portfolio-official-native-ledgerv2-01,151,auto-86,25825.441708,52.99,True
portfolio-official-native-ledgerv2-01,152,agent-66,26021.742574,52.82,True
portfolio-official-native-ledgerv2-01,153,auto-87,26125.961788,52.82,True
portfolio-official-native-ledgerv2-01,154,agent-67,26148.517865,53.02,True
portfolio-official-native-ledgerv2-01,155,auto-88,26426.154076,53.02,True
portfolio-official-native-ledgerv2-01,156,agent-68,26678.66355,52.27,True
portfolio-official-native-ledgerv2-01,157,auto-89,26726.332122,52.27,True
portfolio-official-native-ledgerv2-01,158,agent-69,26960.727915,51.35000000000001,True
portfolio-official-native-ledgerv2-01,159,auto-90,27026.614234,51.35000000000001,True
portfolio-official-native-ledgerv2-01,160,auto-91,27327.094135,53.02,True
portfolio-official-native-ledgerv2-01,161,auto-92,27627.243145,53.02,True
portfolio-official-native-ledgerv2-01,162,agent-70,27818.141217,53.09,True
portfolio-official-native-ledgerv2-01,163,auto-93,27927.410824,53.09,True
portfolio-official-native-ledgerv2-01,164,agent-71,27980.668272,53.12,True
portfolio-official-native-ledgerv2-01,165,auto-94,28227.63954,53.12,True
portfolio-official-native-ledgerv2-01,166,agent-72,28487.93653,53.12,True
portfolio-official-native-ledgerv2-01,167,auto-95,28527.820186,53.12,True
portfolio-official-native-ledgerv2-01,168,agent-73,28742.593727,53.09,True
portfolio-official-native-ledgerv2-01,169,auto-96,28827.99782,53.09,True
portfolio-official-native-ledgerv2-01,170,agent-74,29029.399521,53.02,True
portfolio-official-native-ledgerv2-01,171,auto-97,29128.194204,53.02,True
portfolio-official-native-ledgerv2-01,172,auto-98,29428.387157,53.09,True
portfolio-official-native-ledgerv2-01,173,auto-99,29728.574149,53.09,True
portfolio-official-native-ledgerv2-01,174,agent-75,29880.534772,53.09,True
portfolio-official-native-ledgerv2-01,175,auto-100,30028.737216,53.09,True
portfolio-official-native-ledgerv2-01,176,auto-101,30328.884302,53.09,True
portfolio-official-native-ledgerv2-01,177,agent-76,30361.934031,53.09,True
portfolio-official-native-ledgerv2-01,178,agent-77,30606.679845,53.06999999999999,True
portfolio-official-native-ledgerv2-01,179,auto-102,30629.047807,53.06999999999999,True
portfolio-official-native-ledgerv2-01,180,auto-103,30929.231386,53.06999999999999,True
portfolio-official-native-ledgerv2-01,181,agent-78,31052.239938,53.17000000000001,True
portfolio-official-native-ledgerv2-01,182,auto-104,31229.384789,53.17000000000001,True
portfolio-official-native-ledgerv2-01,183,agent-79,31242.908244,53.22,True
portfolio-official-native-ledgerv2-01,184,agent-80,31392.968003,45.04,True
portfolio-official-native-ledgerv2-01,185,auto-105,31529.544861,53.22,True
portfolio-official-native-ledgerv2-01,186,agent-81,31534.195862,53.22,True
portfolio-official-native-ledgerv2-01,187,agent-82,31752.60666,52.349999999999994,True
portfolio-official-native-ledgerv2-01,188,auto-106,31829.689616,52.349999999999994,True
portfolio-official-native-ledgerv2-01,189,agent-83,32003.071337,51.83,True
portfolio-official-native-ledgerv2-01,190,auto-107,32129.828452,51.83,True
portfolio-official-native-ledgerv2-01,191,agent-84,32137.844636,53.22,True
portfolio-official-native-ledgerv2-01,192,auto-108,32430.012111,53.22,True
portfolio-official-native-ledgerv2-01,193,agent-85,32582.479706,52.81,True
portfolio-official-native-ledgerv2-01,194,agent-86,32714.422982,52.52,True
portfolio-official-native-ledgerv2-01,195,auto-109,32730.202791,52.52,True
portfolio-official-native-ledgerv2-01,196,auto-110,33030.373589,53.22,True
portfolio-official-native-ledgerv2-01,197,auto-111,33331.321904,53.22,True
portfolio-official-native-ledgerv2-01,198,auto-112,33631.520292,53.22,True
portfolio-official-native-ledgerv2-01,199,auto-113,33931.915588,53.22,True
portfolio-official-native-ledgerv2-01,200,auto-114,34232.889877,53.22,True
portfolio-official-native-ledgerv2-01,201,agent-87,34253.06938,53.31,True
portfolio-official-native-ledgerv2-01,202,auto-115,34534.547641,53.31,True
portfolio-official-native-ledgerv2-01,203,auto-116,34842.347195,53.31,True
portfolio-official-native-ledgerv2-01,204,auto-117,35149.195568,53.31,True
portfolio-official-native-ledgerv2-01,205,auto-118,35450.249226,53.31,True
portfolio-official-native-ledgerv2-01,206,agent-88,35536.847021,53.31,True
portfolio-official-native-ledgerv2-01,207,auto-119,35750.541315,53.31,True
portfolio-official-native-ledgerv2-01,208,auto-120,36050.880809,53.31,True
portfolio-official-native-ledgerv2-01,209,auto-121,36351.1174,53.31,True
portfolio-official-native-ledgerv2-01,210,auto-122,36652.258922,53.31,True
portfolio-official-native-ledgerv2-01,211,auto-123,36953.141733,53.31,True
portfolio-official-native-ledgerv2-01,212,auto-124,37254.130926,53.31,True
portfolio-official-native-ledgerv2-01,213,agent-89,37314.443768,53.04,True
portfolio-official-native-ledgerv2-01,214,auto-125,37554.8439,53.04,True
portfolio-official-native-ledgerv2-01,215,auto-126,37855.687785,53.31,True
portfolio-official-native-ledgerv2-01,216,agent-90,38084.425041,53.31,True
portfolio-official-native-ledgerv2-01,217,auto-127,38156.916949,53.31,True
portfolio-official-native-ledgerv2-01,218,agent-91,38362.61353,38.16,True
portfolio-official-native-ledgerv2-01,219,auto-128,38457.682377,38.16,True
portfolio-official-native-ledgerv2-01,220,agent-92,38544.715512,53.32,True
portfolio-official-native-ledgerv2-01,221,agent-93,38694.320117,53.26,True
portfolio-official-native-ledgerv2-01,222,auto-129,38758.476575,53.26,True
portfolio-official-native-ledgerv2-01,223,agent-94,38828.392341,37.57,True
portfolio-official-native-ledgerv2-01,224,auto-130,39059.931112,51.32,True
portfolio-official-native-ledgerv2-01,225,agent-95,39093.486457,51.32,True
portfolio-official-native-ledgerv2-01,226,agent-96,39310.066217,53.32,True
portfolio-official-native-ledgerv2-01,227,auto-131,39361.26956,53.32,True
portfolio-official-native-ledgerv2-01,228,auto-132,39662.862065,53.32,True
portfolio-official-native-ledgerv2-01,229,auto-133,39963.578727,53.32,True
portfolio-official-native-ledgerv2-01,230,agent-97,39992.005547,52.96999999999999,True
portfolio-official-native-ledgerv2-01,231,auto-134,40264.085668,53.32,True
portfolio-official-native-ledgerv2-01,232,agent-98,40369.550497,53.32,True
portfolio-official-native-ledgerv2-01,233,auto-135,40565.215096,53.32,True
portfolio-official-native-ledgerv2-01,234,agent-99,40574.589744,53.32,True
portfolio-official-native-ledgerv2-01,235,auto-136,40866.107136,53.32,True
portfolio-official-native-ledgerv2-01,236,agent-100,41028.188311,53.32,True
portfolio-official-native-ledgerv2-01,237,auto-137,41166.67251,53.32,True
portfolio-official-native-ledgerv2-01,238,agent-101,41461.648618,52.81,True
portfolio-official-native-ledgerv2-01,239,auto-138,41468.169445,52.81,True
portfolio-official-native-ledgerv2-01,240,auto-139,41769.356569,53.32,True
portfolio-official-native-ledgerv2-01,241,auto-140,42069.904909,53.32,True
portfolio-official-native-ledgerv2-01,242,auto-141,42370.817909,53.32,True
portfolio-official-native-ledgerv2-01,243,auto-142,42671.433312,53.32,True
portfolio-official-native-ledgerv2-01,244,agent-102,42865.697932,53.31,True
portfolio-official-native-ledgerv2-01,245,auto-143,42972.047875,53.31,True
portfolio-official-native-ledgerv2-01,246,auto-144,43272.598017,53.31,True
portfolio-official-native-ledgerv2-01,247,auto-145,43573.665591,53.31,True
portfolio-official-native-ledgerv2-01,248,auto-146,43874.439591,53.31,True
portfolio-official-native-ledgerv2-01,249,agent-103,43970.382485,51.66,True
portfolio-official-native-ledgerv2-01,250,auto-147,44175.859669,51.66,True
portfolio-official-native-ledgerv2-01,251,auto-148,44476.43347,51.66,True
portfolio-official-native-ledgerv2-01,252,agent-104,44663.349162,53.31,True
portfolio-official-native-ledgerv2-01,253,auto-149,44776.98757,53.31,True
portfolio-official-native-ledgerv2-01,254,agent-105,44837.451759,53.31,True
portfolio-official-native-ledgerv2-01,255,auto-150,45078.245946,53.31,True
portfolio-official-native-ledgerv2-01,256,agent-106,45230.217934,53.31,True
portfolio-official-native-ledgerv2-01,257,auto-151,45380.415633,53.31,True
portfolio-official-native-ledgerv2-01,258,auto-152,45680.811794,53.31,True
portfolio-official-native-ledgerv2-01,259,agent-107,45840.774932,53.32,True
portfolio-official-native-ledgerv2-01,260,auto-153,45982.227821,53.32,True
portfolio-official-native-ledgerv2-01,261,agent-108,46002.294188,53.31,True
portfolio-official-native-ledgerv2-01,262,auto-154,46283.169796,53.32,True
portfolio-official-native-ledgerv2-01,263,agent-109,46437.956122,53.32,True
portfolio-official-native-ledgerv2-01,264,auto-155,46584.848668,53.32,True
portfolio-official-native-ledgerv2-01,265,auto-156,46885.755638,53.32,True
portfolio-official-native-ledgerv2-01,266,agent-110,46912.931076,53.32,True
portfolio-official-native-ledgerv2-01,267,auto-157,47186.880938,53.32,True
portfolio-official-native-ledgerv2-01,268,agent-111,47312.265914,53.32,True
portfolio-official-native-ledgerv2-01,269,auto-158,47489.612286,53.32,True
portfolio-official-native-ledgerv2-01,270,auto-159,47790.965417,53.32,True
portfolio-official-native-ledgerv2-01,271,auto-160,48091.733989,53.32,True
portfolio-official-native-ledgerv2-01,272,agent-112,48315.999327,53.32,True
portfolio-official-native-ledgerv2-01,273,auto-161,48392.012506,53.32,True
portfolio-official-native-ledgerv2-01,274,agent-113,48498.34603,53.32,True
portfolio-official-native-ledgerv2-01,275,auto-162,48692.915745,53.32,True
portfolio-official-native-ledgerv2-01,276,auto-163,48993.599439,53.32,True
portfolio-official-native-ledgerv2-01,277,auto-164,49294.278032,53.32,True
portfolio-official-native-ledgerv2-01,278,agent-114,49520.075623,53.32,True
portfolio-official-native-ledgerv2-01,279,auto-165,49595.919578,53.32,True
portfolio-official-native-ledgerv2-01,280,auto-166,49896.550673,53.32,True
portfolio-official-native-ledgerv2-01,281,auto-167,50197.437637,53.32,True
portfolio-official-native-ledgerv2-01,282,auto-168,50497.916168,53.32,True
portfolio-official-native-ledgerv2-01,283,auto-169,50798.905765,53.32,True
portfolio-official-native-ledgerv2-01,284,auto-170,51099.865738,53.32,True
portfolio-official-native-ledgerv2-01,285,agent-115,51287.894238,53.22,True
portfolio-official-native-ledgerv2-01,286,auto-171,51400.171036,53.22,True
portfolio-official-native-ledgerv2-01,287,auto-172,51701.109564,53.22,True
portfolio-official-native-ledgerv2-01,288,agent-116,51895.545107,53.22,True
portfolio-official-native-ledgerv2-01,289,auto-173,52001.832071,53.22,True
portfolio-official-native-ledgerv2-01,290,agent-117,52276.396862,53.32,True
portfolio-official-native-ledgerv2-01,291,auto-174,52302.655286,53.32,True
portfolio-official-native-ledgerv2-01,292,auto-175,52603.133017,53.32,True
portfolio-official-native-ledgerv2-01,293,agent-118,52810.392093,52.35999999999999,True
portfolio-official-native-ledgerv2-01,294,auto-176,52903.679495,53.32,True
portfolio-official-native-ledgerv2-01,295,agent-119,53052.092605,52.76,True
portfolio-official-native-ledgerv2-01,296,auto-177,53204.124434,53.32,True
portfolio-official-native-ledgerv2-01,297,agent-120,53358.615073,51.5,True
portfolio-official-native-ledgerv2-01,298,auto-178,53505.284769,53.32,True
portfolio-official-native-ledgerv2-01,299,agent-121,53656.613319,52.92,True
portfolio-official-native-ledgerv2-01,300,auto-179,53806.794456,52.92,True
portfolio-official-native-ledgerv2-01,301,agent-122,54068.344711,53.21,True
portfolio-official-native-ledgerv2-01,302,auto-180,54107.696035,53.21,True
portfolio-official-native-ledgerv2-01,303,agent-123,54385.514055,53.21,True
portfolio-official-native-ledgerv2-01,304,auto-181,54409.534825,53.21,True
portfolio-official-native-ledgerv2-01,305,agent-124,54562.910814,53.26,True
portfolio-official-native-ledgerv2-01,306,auto-182,54710.65047,53.26,True
portfolio-official-native-ledgerv2-01,307,agent-125,54786.361784,53.32,True
portfolio-official-native-ledgerv2-01,308,auto-183,55011.018216,53.32,True
portfolio-official-native-ledgerv2-01,309,auto-184,55312.970339,53.32,True
portfolio-official-native-ledgerv2-01,310,agent-126,55599.530083,53.290000000000006,True
portfolio-official-native-ledgerv2-01,311,auto-185,55614.200034,53.290000000000006,True
portfolio-official-native-ledgerv2-01,312,auto-186,55915.426711,53.32,True
portfolio-official-native-ledgerv2-01,313,agent-127,56130.866541,53.32,True
portfolio-official-native-ledgerv2-01,314,auto-187,56215.76436,53.32,True
portfolio-official-native-ledgerv2-01,315,auto-188,56516.993658,53.32,True
portfolio-official-native-ledgerv2-01,316,auto-189,56817.793441,53.32,True
portfolio-official-native-ledgerv2-01,317,agent-128,56996.900815,51.18000000000001,True
portfolio-official-native-ledgerv2-01,318,auto-190,57118.30201,51.18000000000001,True
portfolio-official-native-ledgerv2-01,319,auto-191,57418.963364,53.32,True
portfolio-official-native-ledgerv2-01,320,auto-192,57719.334738,53.32,True
portfolio-official-native-ledgerv2-01,321,agent-129,57771.54889,53.32,True
portfolio-official-native-ledgerv2-01,322,auto-193,58020.02061,53.32,True
portfolio-official-native-ledgerv2-01,323,auto-194,58321.78295,53.32,True
portfolio-official-native-ledgerv2-01,324,agent-130,58438.286881,53.32,True
portfolio-official-native-ledgerv2-01,325,auto-195,58624.345684,53.32,True
portfolio-official-native-ledgerv2-01,326,auto-196,58925.362127,53.32,True
portfolio-official-native-ledgerv2-01,327,agent-131,59112.195446,53.32,True
portfolio-official-native-ledgerv2-01,328,auto-197,59226.329629,53.32,True
portfolio-official-native-ledgerv2-01,329,auto-198,59526.732804,53.32,True
portfolio-official-native-ledgerv2-01,330,agent-132,59695.985151,52.55,True
portfolio-official-native-ledgerv2-01,331,auto-199,59828.01913,53.32,True
portfolio-official-native-ledgerv2-01,332,agent-133,59921.977571,53.32,True
portfolio-official-native-ledgerv2-01,333,auto-200,60128.615625,53.32,True
portfolio-official-native-ledgerv2-01,334,agent-134,60396.708436,52.14,True
portfolio-official-native-ledgerv2-01,335,auto-201,60429.078729,52.14,True
portfolio-official-native-ledgerv2-01,336,auto-202,60730.28895,53.32,True
portfolio-official-native-ledgerv2-01,337,agent-135,60796.75746,53.32,True
portfolio-official-native-ledgerv2-01,338,auto-203,61031.777435,53.32,True
portfolio-official-native-ledgerv2-01,339,auto-204,61332.37134,53.32,True
portfolio-official-native-ledgerv2-01,340,agent-136,61333.337841,52.82,True
portfolio-official-native-ledgerv2-01,341,auto-205,61634.118456,53.32,True
portfolio-official-native-ledgerv2-01,342,agent-137,61756.52214,53.32,True
portfolio-official-native-ledgerv2-01,343,auto-206,61934.761124,53.32,True
portfolio-official-native-ledgerv2-01,344,auto-207,62236.486961,53.32,True
portfolio-official-native-ledgerv2-01,345,auto-208,62537.695482,53.32,True
portfolio-official-native-ledgerv2-01,346,auto-209,62838.677291,53.32,True
portfolio-official-native-ledgerv2-01,347,agent-138,62906.930196,53.32,True
portfolio-official-native-ledgerv2-01,348,auto-210,63139.858278,53.32,True
portfolio-official-native-ledgerv2-01,349,auto-211,63440.671696,53.32,True
portfolio-official-native-ledgerv2-01,350,auto-212,63741.523411,53.32,True
portfolio-official-native-ledgerv2-01,351,agent-139,63922.996678,53.66,True
portfolio-official-native-ledgerv2-01,352,auto-213,64043.375463,53.66,True
portfolio-official-native-ledgerv2-01,353,auto-214,64346.201059,53.66,True
portfolio-official-native-ledgerv2-01,354,agent-140,64360.663347,53.87,True
portfolio-official-native-ledgerv2-01,355,auto-215,64648.235859,53.87,True
portfolio-official-blind-ledgerv2-01,1,auto-1,300.014547,0.0,True
portfolio-official-blind-ledgerv2-01,2,auto-2,600.167767,0.0,True
portfolio-official-blind-ledgerv2-01,3,auto-3,900.315504,0.0,True
portfolio-official-blind-ledgerv2-01,4,auto-4,1200.462893,0.0,True
portfolio-official-blind-ledgerv2-01,5,auto-5,1500.607718,0.74,True
portfolio-official-blind-ledgerv2-01,6,auto-6,1800.74167,0.0,True
portfolio-official-blind-ledgerv2-01,7,auto-7,2100.889129,0.0,True
portfolio-official-blind-ledgerv2-01,8,auto-8,2401.128138,1.8799999999999997,True
portfolio-official-blind-ledgerv2-01,9,auto-9,2701.26597,1.8799999999999997,True
portfolio-official-blind-ledgerv2-01,10,auto-10,3001.398755,1.8799999999999997,True
portfolio-official-blind-ledgerv2-01,11,auto-11,3301.590951,1.8799999999999997,True
portfolio-official-blind-ledgerv2-01,12,auto-12,3601.753985,1.97,True
portfolio-official-blind-ledgerv2-01,13,auto-13,3901.930442,1.97,True
portfolio-official-blind-ledgerv2-01,14,auto-14,4202.157829,4.78,True
portfolio-official-blind-ledgerv2-01,15,auto-15,4502.303458,4.78,True
portfolio-official-blind-ledgerv2-01,16,auto-16,4802.455735,4.78,True
portfolio-official-blind-ledgerv2-01,17,auto-17,5102.604676,4.78,True
portfolio-official-blind-ledgerv2-01,18,auto-18,5402.741637,4.78,True
portfolio-official-blind-ledgerv2-01,19,auto-19,5702.888157,4.78,True
portfolio-official-blind-ledgerv2-01,20,auto-20,6003.07356,4.78,True
portfolio-official-blind-ledgerv2-01,21,auto-21,6303.313462,4.78,True
portfolio-official-blind-ledgerv2-01,22,auto-22,6603.864368,4.78,True
portfolio-official-blind-ledgerv2-01,23,auto-23,6904.2084,4.78,True
portfolio-official-blind-ledgerv2-01,24,auto-24,7204.458598,4.78,True
portfolio-official-blind-ledgerv2-01,25,auto-25,7504.719003,4.78,True
portfolio-official-blind-ledgerv2-01,26,auto-26,7804.956021,4.78,True
portfolio-official-blind-ledgerv2-01,27,auto-27,8105.185057,4.78,True
portfolio-official-blind-ledgerv2-01,28,auto-28,8405.427027,4.78,True
portfolio-official-blind-ledgerv2-01,29,auto-29,8705.727185,0.0,True
portfolio-official-blind-ledgerv2-01,30,auto-30,9005.993037,0.0,True
portfolio-official-blind-ledgerv2-01,31,auto-31,9306.260875,0.0,True
portfolio-official-blind-ledgerv2-01,32,auto-32,9606.529782,0.0,True
portfolio-official-blind-ledgerv2-01,33,auto-33,9906.804955,0.0,True
portfolio-official-blind-ledgerv2-01,34,auto-34,10207.068119,0.0,True
portfolio-official-blind-ledgerv2-01,35,auto-35,10507.325032,0.0,True
portfolio-official-blind-ledgerv2-01,36,auto-36,10807.564224,0.0,True
portfolio-official-blind-ledgerv2-01,37,auto-37,11107.82096,0.0,True
portfolio-official-blind-ledgerv2-01,38,auto-38,11408.163084,0.0,True
portfolio-official-blind-ledgerv2-01,39,auto-39,11708.522246,0.0,True
portfolio-official-blind-ledgerv2-01,40,auto-40,12008.818001,0.0,True
portfolio-official-blind-ledgerv2-01,41,auto-41,12309.010284,0.0,True
portfolio-official-blind-ledgerv2-01,42,auto-42,12609.267036,0.0,True
portfolio-official-blind-ledgerv2-01,43,auto-43,12909.471236,0.0,True
portfolio-official-blind-ledgerv2-01,44,auto-44,13209.717324,0.0,True
portfolio-official-blind-ledgerv2-01,45,auto-45,13509.941193,0.0,True
portfolio-official-blind-ledgerv2-01,46,auto-46,13810.189034,0.0,True
portfolio-official-blind-ledgerv2-01,47,auto-47,14110.484635,0.0,True
portfolio-official-blind-ledgerv2-01,48,auto-48,14410.710112,0.0,True
portfolio-official-blind-ledgerv2-01,49,auto-49,14710.952803,0.0,True
portfolio-official-blind-ledgerv2-01,50,auto-50,15012.626109,0.0,True
portfolio-official-blind-ledgerv2-01,51,auto-51,15312.92947,0.0,True
portfolio-official-blind-ledgerv2-01,52,auto-52,15613.312049,0.0,True
portfolio-official-blind-ledgerv2-01,53,auto-53,15913.658533,0.0,True
portfolio-official-blind-ledgerv2-01,54,auto-54,16214.114637,0.0,True
portfolio-official-blind-ledgerv2-01,55,auto-55,16514.363928,0.0,True
portfolio-official-blind-ledgerv2-01,56,auto-56,16814.672918,0.0,True
portfolio-official-blind-ledgerv2-01,57,auto-57,17115.071747,0.0,True
portfolio-official-blind-ledgerv2-01,58,auto-58,17415.380764,0.0,True
portfolio-official-blind-ledgerv2-01,59,auto-59,17715.679704,0.0,True
portfolio-official-blind-ledgerv2-01,60,auto-60,18015.94895,0.0,True
portfolio-official-blind-ledgerv2-01,61,auto-61,18316.294801,0.0,True
portfolio-official-blind-ledgerv2-01,62,auto-62,18616.519748,0.0,True
portfolio-official-blind-ledgerv2-01,63,auto-63,18916.848947,10.62,True
portfolio-official-blind-ledgerv2-01,64,auto-64,19217.091274,10.62,True
portfolio-official-blind-ledgerv2-01,65,auto-65,19517.462676,10.62,True
portfolio-official-blind-ledgerv2-01,66,auto-66,19817.777344,10.62,True
portfolio-official-blind-ledgerv2-01,67,auto-67,20118.067299,8.75,True
portfolio-official-blind-ledgerv2-01,68,auto-68,20418.686959,8.75,True
portfolio-official-blind-ledgerv2-01,69,auto-69,20719.264088,8.75,True
portfolio-official-blind-ledgerv2-01,70,auto-70,21019.553558,8.75,True
portfolio-official-blind-ledgerv2-01,71,auto-71,21319.828393,8.75,True
portfolio-official-blind-ledgerv2-01,72,auto-72,21620.088017,8.75,True
portfolio-official-blind-ledgerv2-01,73,auto-73,21920.341574,8.75,True
portfolio-official-blind-ledgerv2-01,74,auto-74,22220.638224,8.75,True
portfolio-official-blind-ledgerv2-01,75,auto-75,22520.935497,8.75,True
portfolio-official-blind-ledgerv2-01,76,auto-76,22821.270015,8.75,True
portfolio-official-blind-ledgerv2-01,77,auto-77,23121.795477,11.56,True
portfolio-official-blind-ledgerv2-01,78,auto-78,23422.097649,11.56,True
portfolio-official-blind-ledgerv2-01,79,auto-79,23722.414145,11.56,True
portfolio-official-blind-ledgerv2-01,80,auto-80,24022.750129,11.56,True
portfolio-official-blind-ledgerv2-01,81,auto-81,24323.106875,11.56,True
portfolio-official-blind-ledgerv2-01,82,auto-82,24623.674688,11.56,True
portfolio-official-blind-ledgerv2-01,83,auto-83,24923.992439,11.56,True
portfolio-official-blind-ledgerv2-01,84,auto-84,25224.397238,11.56,True
portfolio-official-blind-ledgerv2-01,85,auto-85,25524.739826,11.56,True
portfolio-official-blind-ledgerv2-01,86,auto-86,25825.139622,11.56,True
portfolio-official-blind-ledgerv2-01,87,auto-87,26125.702562,11.56,True
portfolio-official-blind-ledgerv2-01,88,auto-88,26425.87772,11.56,True
portfolio-official-blind-ledgerv2-01,89,auto-89,26726.048501,11.56,True
portfolio-official-blind-ledgerv2-01,90,auto-90,27026.295183,11.56,True
portfolio-official-blind-ledgerv2-01,91,auto-91,27326.455256,11.56,True
portfolio-official-blind-ledgerv2-01,92,auto-92,27626.637379,11.57,True
portfolio-official-blind-ledgerv2-01,93,auto-93,27926.794431,11.57,True
portfolio-official-blind-ledgerv2-01,94,auto-94,28227.020462,11.57,True
portfolio-official-blind-ledgerv2-01,95,auto-95,28527.188073,11.57,True
portfolio-official-blind-ledgerv2-01,96,auto-96,28827.35903,11.57,True
portfolio-official-blind-ledgerv2-01,97,auto-97,29127.55234,11.58,True
portfolio-official-blind-ledgerv2-01,98,auto-98,29427.741853,11.58,True
portfolio-official-blind-ledgerv2-01,99,auto-99,29727.912489,11.58,True
portfolio-official-blind-ledgerv2-01,100,auto-100,30028.078725,0.0,True
portfolio-official-blind-ledgerv2-01,101,auto-101,30328.232641,0.0,True
portfolio-official-blind-ledgerv2-01,102,auto-102,30628.374927,0.0,True
portfolio-official-blind-ledgerv2-01,103,auto-103,30928.543266,0.0,True
portfolio-official-blind-ledgerv2-01,104,auto-104,31228.678252,0.0,True
portfolio-official-blind-ledgerv2-01,105,auto-105,31528.829054,0.0,True
portfolio-official-blind-ledgerv2-01,106,auto-106,31828.973542,0.0,True
portfolio-official-blind-ledgerv2-01,107,auto-107,32129.134413,0.0,True
portfolio-official-blind-ledgerv2-01,108,auto-108,32429.297499,0.0,True
portfolio-official-blind-ledgerv2-01,109,auto-109,32729.464972,0.0,True
portfolio-official-blind-ledgerv2-01,110,auto-110,33029.655118,0.0,True
portfolio-official-blind-ledgerv2-01,111,auto-111,33330.228648,0.0,True
portfolio-official-blind-ledgerv2-01,112,auto-112,33630.462872,0.0,True
portfolio-official-blind-ledgerv2-01,113,auto-113,33930.899166,0.0,True
portfolio-official-blind-ledgerv2-01,114,auto-114,34232.142093,0.0,True
portfolio-official-blind-ledgerv2-01,115,auto-115,34534.109038,0.0,True
portfolio-official-blind-ledgerv2-01,116,auto-116,34840.257812,0.0,True
portfolio-official-blind-ledgerv2-01,117,auto-117,35148.931144,0.0,True
portfolio-official-blind-ledgerv2-01,118,auto-118,35449.828067,0.0,True
portfolio-official-blind-ledgerv2-01,119,auto-119,35750.112416,0.0,True
portfolio-official-blind-ledgerv2-01,120,auto-120,36050.453347,0.0,True
portfolio-official-blind-ledgerv2-01,121,auto-121,36350.688351,0.0,True
portfolio-official-blind-ledgerv2-01,122,auto-122,36651.820985,0.0,True
portfolio-official-blind-ledgerv2-01,123,auto-123,36952.710742,0.0,True
portfolio-official-blind-ledgerv2-01,124,auto-124,37253.704976,0.0,True
portfolio-official-blind-ledgerv2-01,125,auto-125,37554.415272,0.0,True
portfolio-official-blind-ledgerv2-01,126,auto-126,37855.319849,0.0,True
portfolio-official-blind-ledgerv2-01,127,auto-127,38156.37347,0.0,True
portfolio-official-blind-ledgerv2-01,128,auto-128,38457.362233,0.0,True
portfolio-official-blind-ledgerv2-01,129,auto-129,38758.051364,0.0,True
portfolio-official-blind-ledgerv2-01,130,auto-130,39059.464715,0.0,True
portfolio-official-blind-ledgerv2-01,131,auto-131,39360.831567,0.0,True
portfolio-official-blind-ledgerv2-01,132,auto-132,39662.423299,0.0,True
portfolio-official-blind-ledgerv2-01,133,auto-133,39963.157535,0.0,True
portfolio-official-blind-ledgerv2-01,134,auto-134,40263.64913,0.0,True
portfolio-official-blind-ledgerv2-01,135,auto-135,40564.791475,0.0,True
portfolio-official-blind-ledgerv2-01,136,auto-136,40865.668178,0.0,True
portfolio-official-blind-ledgerv2-01,137,auto-137,41166.322309,0.0,True
portfolio-official-blind-ledgerv2-01,138,auto-138,41467.768763,0.0,True
portfolio-official-blind-ledgerv2-01,139,auto-139,41768.92553,0.0,True
portfolio-official-blind-ledgerv2-01,140,auto-140,42069.476292,0.0,True
portfolio-official-blind-ledgerv2-01,141,auto-141,42370.392533,0.0,True
portfolio-official-blind-ledgerv2-01,142,auto-142,42670.994404,0.0,True
portfolio-official-blind-ledgerv2-01,143,auto-143,42971.623579,0.0,True
portfolio-official-blind-ledgerv2-01,144,auto-144,43272.175997,0.0,True
portfolio-official-blind-ledgerv2-01,145,auto-145,43573.242066,0.0,True
portfolio-official-blind-ledgerv2-01,146,auto-146,43874.011824,0.0,True
portfolio-official-blind-ledgerv2-01,147,auto-147,44175.434144,0.0,True
portfolio-official-blind-ledgerv2-01,148,auto-148,44476.003924,0.0,True
portfolio-official-blind-ledgerv2-01,149,auto-149,44776.547574,0.0,True
portfolio-official-blind-ledgerv2-01,150,auto-150,45077.823445,0.0,True
portfolio-official-blind-ledgerv2-01,151,auto-151,45379.964318,0.0,True
portfolio-official-blind-ledgerv2-01,152,auto-152,45680.379295,0.0,True
portfolio-official-blind-ledgerv2-01,153,auto-153,45981.767412,0.0,True
portfolio-official-blind-ledgerv2-01,154,auto-154,46282.742232,0.0,True
portfolio-official-blind-ledgerv2-01,155,auto-155,46584.326689,0.0,True
portfolio-official-blind-ledgerv2-01,156,auto-156,46885.321552,0.0,True
portfolio-official-blind-ledgerv2-01,157,auto-157,47186.45763,0.0,True
portfolio-official-blind-ledgerv2-01,158,auto-158,47489.230436,0.0,True
portfolio-official-blind-ledgerv2-01,159,auto-159,47790.533375,0.0,True
portfolio-official-blind-ledgerv2-01,160,auto-160,48091.241961,0.0,True
portfolio-official-blind-ledgerv2-01,161,auto-161,48391.516399,0.0,True
portfolio-official-blind-ledgerv2-01,162,auto-162,48692.486401,0.0,True
portfolio-official-blind-ledgerv2-01,163,auto-163,48993.173841,0.0,True
portfolio-official-blind-ledgerv2-01,164,auto-164,49293.846478,0.0,True
portfolio-official-blind-ledgerv2-01,165,auto-165,49595.496573,0.0,True
portfolio-official-blind-ledgerv2-01,166,auto-166,49896.12149,0.0,True
portfolio-official-blind-ledgerv2-01,167,auto-167,50197.006317,0.0,True
portfolio-official-blind-ledgerv2-01,168,auto-168,50497.490904,0.0,True
portfolio-official-blind-ledgerv2-01,169,auto-169,50798.457046,0.0,True
portfolio-official-blind-ledgerv2-01,170,auto-170,51099.446138,0.0,True
portfolio-official-blind-ledgerv2-01,171,auto-171,51399.741373,0.0,True
portfolio-official-blind-ledgerv2-01,172,auto-172,51700.709311,0.0,True
portfolio-official-blind-ledgerv2-01,173,auto-173,52001.414255,0.0,True
portfolio-official-blind-ledgerv2-01,174,auto-174,52302.210633,0.0,True
portfolio-official-blind-ledgerv2-01,175,auto-175,52602.70677,0.0,True
portfolio-official-blind-ledgerv2-01,176,auto-176,52903.260663,0.0,True
portfolio-official-blind-ledgerv2-01,177,auto-177,53203.695626,0.0,True
portfolio-official-blind-ledgerv2-01,178,auto-178,53504.741817,0.0,True
portfolio-official-blind-ledgerv2-01,179,auto-179,53806.365677,0.0,True
portfolio-official-blind-ledgerv2-01,180,auto-180,54107.27252,0.0,True
portfolio-official-blind-ledgerv2-01,181,auto-181,54408.985195,0.0,True
portfolio-official-blind-ledgerv2-01,182,auto-182,54710.041836,0.0,True
portfolio-official-blind-ledgerv2-01,183,auto-183,55010.403699,0.0,True
portfolio-official-blind-ledgerv2-01,184,auto-184,55312.271369,0.0,True
portfolio-official-blind-ledgerv2-01,185,auto-185,55613.754175,0.0,True
portfolio-official-blind-ledgerv2-01,186,auto-186,55914.986829,0.0,True
portfolio-official-blind-ledgerv2-01,187,auto-187,56215.335076,0.0,True
portfolio-official-blind-ledgerv2-01,188,auto-188,56516.563388,0.0,True
portfolio-official-blind-ledgerv2-01,189,auto-189,56817.358987,0.0,True
portfolio-official-blind-ledgerv2-01,190,auto-190,57117.889935,0.0,True
portfolio-official-blind-ledgerv2-01,191,auto-191,57418.52955,0.0,True
portfolio-official-blind-ledgerv2-01,192,auto-192,57718.889875,0.0,True
portfolio-official-blind-ledgerv2-01,193,auto-193,58019.543152,0.0,True
portfolio-official-blind-ledgerv2-01,194,auto-194,58321.36725,0.0,True
portfolio-official-blind-ledgerv2-01,195,auto-195,58623.845924,0.0,True
portfolio-official-blind-ledgerv2-01,196,auto-196,58924.944397,0.0,True
portfolio-official-blind-ledgerv2-01,197,auto-197,59225.927165,0.0,True
portfolio-official-blind-ledgerv2-01,198,auto-198,59526.307644,0.0,True
portfolio-official-blind-ledgerv2-01,199,auto-199,59827.58941,0.0,True
portfolio-official-blind-ledgerv2-01,200,auto-200,60128.189769,0.0,True
portfolio-official-blind-ledgerv2-01,201,auto-201,60428.648416,0.0,True
portfolio-official-blind-ledgerv2-01,202,auto-202,60729.868146,0.0,True
portfolio-official-blind-ledgerv2-01,203,auto-203,61031.345518,0.0,True
portfolio-official-blind-ledgerv2-01,204,auto-204,61331.861232,0.0,True
portfolio-official-blind-ledgerv2-01,205,auto-205,61633.702124,0.0,True
portfolio-official-blind-ledgerv2-01,206,auto-206,61934.336723,0.0,True
portfolio-official-blind-ledgerv2-01,207,auto-207,62236.063565,0.0,True
portfolio-official-blind-ledgerv2-01,208,auto-208,62537.15103,0.0,True
portfolio-official-blind-ledgerv2-01,209,auto-209,62838.247994,0.0,True
portfolio-official-blind-ledgerv2-01,210,auto-210,63139.433651,0.0,True
portfolio-official-blind-ledgerv2-01,211,auto-211,63440.235142,0.0,True
portfolio-official-blind-ledgerv2-01,212,auto-212,63741.095786,0.0,True
portfolio-official-blind-ledgerv2-01,213,auto-213,64042.944243,0.0,True
portfolio-official-blind-ledgerv2-01,214,auto-214,64345.56443,0.0,True
portfolio-official-blind-ledgerv2-01,215,auto-215,64647.774126,0.0,True
portfolio-single-native-ledgerv2-01,1,auto-1,299.954727,0.0,True
portfolio-single-native-ledgerv2-01,2,agent-1,392.417857,1.58,True
portfolio-single-native-ledgerv2-01,3,agent-2,549.721635,0.0,True
portfolio-single-native-ledgerv2-01,4,auto-2,600.167544,0.0,True
portfolio-single-native-ledgerv2-01,5,agent-3,717.035675,0.0,True
portfolio-single-native-ledgerv2-01,6,auto-3,900.352713,0.0,True
portfolio-single-native-ledgerv2-01,7,agent-4,950.685523,7.77,True
portfolio-single-native-ledgerv2-01,8,agent-5,1090.207547,4.83,True
portfolio-single-native-ledgerv2-01,9,auto-4,1200.610336,4.83,True
portfolio-single-native-ledgerv2-01,10,agent-6,1241.418131,8.5,True
portfolio-single-native-ledgerv2-01,11,agent-7,1458.378467,17.82,True
portfolio-single-native-ledgerv2-01,12,auto-5,1500.811433,17.82,True
portfolio-single-native-ledgerv2-01,13,agent-8,1704.164334,18.57,True
portfolio-single-native-ledgerv2-01,14,auto-6,1800.993551,18.57,True
portfolio-single-native-ledgerv2-01,15,agent-9,1833.113611,23.06,True
portfolio-single-native-ledgerv2-01,16,agent-10,1972.38263,22.7,True
portfolio-single-native-ledgerv2-01,17,auto-7,2101.190476,22.7,True
portfolio-single-native-ledgerv2-01,18,agent-11,2123.441452,22.79,True
portfolio-single-native-ledgerv2-01,19,agent-12,2292.319631,24.33,True
portfolio-single-native-ledgerv2-01,20,auto-8,2401.517552,24.33,True
portfolio-single-native-ledgerv2-01,21,agent-13,2514.940291,23.06,True
portfolio-single-native-ledgerv2-01,22,agent-14,2648.480087,28.08,True
portfolio-single-native-ledgerv2-01,23,auto-9,2701.676736,28.08,True
portfolio-single-blind-ledgerv2-01,1,auto-1,300.025795,0.0,True
portfolio-single-blind-ledgerv2-01,2,auto-2,600.204222,12.41,True
portfolio-single-blind-ledgerv2-01,3,auto-3,900.404849,6.36,True
portfolio-single-blind-ledgerv2-01,4,auto-4,1200.566848,1.07,True
portfolio-single-blind-ledgerv2-01,5,auto-5,1500.784777,5.6,True
portfolio-single-blind-ledgerv2-01,6,auto-6,1800.988075,0.5,True
portfolio-single-blind-ledgerv2-01,7,auto-7,2101.199104,0.5,True
portfolio-single-blind-ledgerv2-01,8,auto-8,2401.465227,0.5,True
portfolio-single-blind-ledgerv2-01,9,auto-9,2701.666472,9.23,True
portfolio-single-blind-ledgerv2-01,10,auto-10,3001.835968,9.23,True
portfolio-single-blind-ledgerv2-01,11,auto-11,3302.027125,9.23,True
portfolio-single-blind-ledgerv2-01,12,auto-12,3602.200619,9.23,True
portfolio-single-blind-ledgerv2-01,13,auto-13,3902.390381,9.23,True
portfolio-single-blind-ledgerv2-01,14,auto-14,4202.580462,9.23,True
portfolio-native-goal-native-ledgerv2-01,1,auto-1,300.027958,0.0,True
portfolio-native-goal-native-ledgerv2-01,2,agent-1,438.670533,3.8699999999999997,True
portfolio-native-goal-native-ledgerv2-01,3,agent-2,595.962235,0.0,True
portfolio-native-goal-native-ledgerv2-01,4,auto-2,600.244281,0.0,True
portfolio-native-goal-native-ledgerv2-01,5,agent-3,763.512866,1.66,True
portfolio-native-goal-native-ledgerv2-01,6,auto-3,900.462685,0.0,True
portfolio-native-goal-native-ledgerv2-01,7,agent-4,948.393663,0.0,True
portfolio-native-goal-native-ledgerv2-01,8,agent-5,1107.98655,9.32,True
portfolio-native-goal-native-ledgerv2-01,9,auto-4,1200.637648,9.32,True
portfolio-native-goal-native-ledgerv2-01,10,agent-6,1278.316254,25.31,True
portfolio-native-goal-native-ledgerv2-01,11,auto-5,1500.846825,25.31,True
portfolio-native-goal-native-ledgerv2-01,12,agent-7,1561.891829,13.05,True
portfolio-native-goal-native-ledgerv2-01,13,auto-6,1801.023611,13.05,True
portfolio-native-goal-native-ledgerv2-01,14,agent-8,1907.162901,22.55,True
portfolio-native-goal-native-ledgerv2-01,15,auto-7,2101.207884,22.55,True
portfolio-native-goal-native-ledgerv2-01,16,auto-8,2401.671769,22.55,True
portfolio-native-goal-native-ledgerv2-01,17,agent-9,2448.461789,10.2,True
portfolio-native-goal-native-ledgerv2-01,18,auto-9,2701.856265,10.2,True
portfolio-native-goal-native-ledgerv2-01,19,agent-10,2968.003076,23.81,True
portfolio-native-goal-native-ledgerv2-01,20,auto-10,3002.043483,23.81,True
portfolio-native-goal-native-ledgerv2-01,21,auto-11,3302.249393,23.81,True
portfolio-native-goal-native-ledgerv2-01,22,auto-12,3602.444861,23.81,True
portfolio-native-goal-native-ledgerv2-01,23,auto-13,3902.668266,23.81,True
portfolio-native-goal-native-ledgerv2-01,24,auto-14,4202.879609,23.81,True
portfolio-native-goal-native-ledgerv2-01,25,auto-15,4503.078493,23.81,True
portfolio-native-goal-native-ledgerv2-01,26,auto-16,4803.264035,23.81,True
portfolio-native-goal-native-ledgerv2-01,27,auto-17,5103.41937,23.81,True
portfolio-native-goal-native-ledgerv2-01,28,auto-18,5403.563697,23.81,True
portfolio-native-goal-native-ledgerv2-01,29,auto-19,5703.717847,23.81,True
portfolio-native-goal-native-ledgerv2-01,30,auto-20,6003.907224,23.81,True
portfolio-native-goal-native-ledgerv2-01,31,auto-21,6304.169598,23.81,True
portfolio-native-goal-native-ledgerv2-01,32,auto-22,6604.638804,23.81,True
portfolio-native-goal-native-ledgerv2-01,33,auto-23,6905.0282,23.81,True
portfolio-native-goal-native-ledgerv2-01,34,auto-24,7205.336923,23.81,True
portfolio-native-goal-native-ledgerv2-01,35,auto-25,7505.627794,23.81,True
portfolio-native-goal-native-ledgerv2-01,36,auto-26,7805.848421,23.81,True
portfolio-native-goal-native-ledgerv2-01,37,auto-27,8106.044667,23.81,True
portfolio-native-goal-native-ledgerv2-01,38,auto-28,8406.311904,23.81,True
portfolio-native-goal-native-ledgerv2-01,39,auto-29,8706.680943,23.81,True
portfolio-native-goal-native-ledgerv2-01,40,auto-30,9006.994279,23.81,True
portfolio-native-goal-native-ledgerv2-01,41,auto-31,9307.388736,23.81,True
portfolio-native-goal-native-ledgerv2-01,42,auto-32,9607.663276,23.81,True
portfolio-native-goal-native-ledgerv2-01,43,auto-33,9907.934418,23.81,True
portfolio-native-goal-native-ledgerv2-01,44,auto-34,10208.220379,23.81,True
portfolio-native-goal-native-ledgerv2-01,45,auto-35,10508.469556,23.81,True
portfolio-native-goal-native-ledgerv2-01,46,auto-36,10808.708374,23.81,True
portfolio-native-goal-native-ledgerv2-01,47,auto-37,11109.036589,23.81,True
portfolio-native-goal-native-ledgerv2-01,48,auto-38,11409.392417,23.81,True
portfolio-native-goal-native-ledgerv2-01,49,agent-11,11631.807933,24.61,True
portfolio-native-goal-native-ledgerv2-01,50,auto-39,11709.714693,24.61,True
portfolio-native-goal-native-ledgerv2-01,51,agent-12,11819.26916,15.329999999999998,True
portfolio-native-goal-native-ledgerv2-01,52,auto-40,12010.036432,15.329999999999998,True
portfolio-native-goal-native-ledgerv2-01,53,agent-13,12129.553066,0.13,True
portfolio-native-goal-native-ledgerv2-01,54,auto-41,12310.324865,0.13,True
portfolio-native-goal-native-ledgerv2-01,55,agent-14,12352.427524,26.93,True
portfolio-native-goal-native-ledgerv2-01,56,auto-42,12610.543092,26.93,True
portfolio-native-goal-native-ledgerv2-01,57,auto-43,12910.769928,26.93,True
portfolio-native-goal-native-ledgerv2-01,58,agent-15,12995.709052,12.960000000000003,True
portfolio-native-goal-native-ledgerv2-01,59,agent-16,13159.777721,26.93,True
portfolio-native-goal-native-ledgerv2-01,60,auto-44,13211.011989,26.93,True
portfolio-native-goal-blind-ledgerv2-01,1,auto-1,300.019251,0.0,True
portfolio-native-goal-blind-ledgerv2-01,2,auto-2,600.177746,0.0,True
portfolio-native-goal-blind-ledgerv2-01,3,auto-3,900.363896,14.17,True
portfolio-native-goal-blind-ledgerv2-01,4,auto-4,1200.543398,0.0,True
portfolio-native-goal-blind-ledgerv2-01,5,auto-5,1500.7447,0.0,True
portfolio-native-goal-blind-ledgerv2-01,6,auto-6,1800.907684,0.0,True
portfolio-heartbeat-resume-native-ledgerv2-01,1,auto-1,300.026226,0.0,True
portfolio-heartbeat-resume-native-ledgerv2-01,2,auto-2,600.185359,0.0,True
portfolio-heartbeat-resume-native-ledgerv2-01,3,agent-1,732.15956,4.35,True
portfolio-heartbeat-resume-native-ledgerv2-01,4,auto-3,900.32209,0.0,True
portfolio-heartbeat-resume-native-ledgerv2-01,5,agent-2,1194.105309,1.02,True
portfolio-heartbeat-resume-native-ledgerv2-01,6,auto-4,1200.491107,1.02,True
portfolio-heartbeat-resume-native-ledgerv2-01,7,agent-3,1399.587023,3.62,True
portfolio-heartbeat-resume-native-ledgerv2-01,8,auto-5,1500.635654,3.62,True
portfolio-heartbeat-resume-native-ledgerv2-01,9,agent-4,1572.897389,7.5,True
portfolio-heartbeat-resume-native-ledgerv2-01,10,auto-6,1800.815393,7.5,True
portfolio-heartbeat-resume-native-ledgerv2-01,11,auto-7,2101.438364,13.79,True
portfolio-heartbeat-resume-native-ledgerv2-01,12,agent-5,2149.413295,13.79,True
portfolio-heartbeat-resume-native-ledgerv2-01,13,auto-8,2401.614289,15.57,True
portfolio-heartbeat-resume-native-ledgerv2-01,14,agent-6,2438.978307,0.0,True
portfolio-heartbeat-resume-native-ledgerv2-01,15,auto-9,2701.781282,13.79,True
portfolio-heartbeat-resume-native-ledgerv2-01,16,auto-10,3001.955387,13.79,True
portfolio-heartbeat-resume-native-ledgerv2-01,17,auto-11,3302.108421,13.79,True
portfolio-heartbeat-resume-native-ledgerv2-01,18,agent-7,3442.03891,0.0,True
portfolio-heartbeat-resume-native-ledgerv2-01,19,auto-12,3602.286719,13.79,True
portfolio-heartbeat-resume-native-ledgerv2-01,20,agent-8,3647.838576,8.75,True
portfolio-heartbeat-resume-native-ledgerv2-01,21,auto-13,3902.444505,13.79,True
portfolio-heartbeat-resume-native-ledgerv2-01,22,auto-14,4202.622245,13.79,True
portfolio-heartbeat-resume-native-ledgerv2-01,23,agent-9,4436.30198,12.839999999999998,True
portfolio-heartbeat-resume-native-ledgerv2-01,24,auto-15,4502.805479,12.839999999999998,True
portfolio-heartbeat-resume-native-ledgerv2-01,25,auto-16,4802.967709,12.839999999999998,True
portfolio-heartbeat-resume-native-ledgerv2-01,26,agent-10,4965.45824,12.839999999999998,True
portfolio-heartbeat-resume-native-ledgerv2-01,27,auto-17,5103.125503,12.839999999999998,True
portfolio-heartbeat-resume-native-ledgerv2-01,28,auto-18,5403.311328,13.79,True
portfolio-heartbeat-resume-native-ledgerv2-01,29,auto-19,5703.474672,13.79,True
portfolio-heartbeat-resume-native-ledgerv2-01,30,agent-11,5945.033102,18.88,True
portfolio-heartbeat-resume-native-ledgerv2-01,31,auto-20,6003.695421,18.88,True
portfolio-heartbeat-resume-native-ledgerv2-01,32,auto-21,6303.929893,18.88,True
portfolio-heartbeat-resume-native-ledgerv2-01,33,agent-12,6385.88208,14.550000000000002,True
portfolio-heartbeat-resume-native-ledgerv2-01,34,auto-22,6604.191293,14.550000000000002,True
portfolio-heartbeat-resume-native-ledgerv2-01,35,auto-23,6904.496995,18.88,True
portfolio-heartbeat-resume-native-ledgerv2-01,36,auto-24,7204.709832,18.88,True
portfolio-heartbeat-resume-native-ledgerv2-01,37,auto-25,7504.973912,18.88,True
portfolio-heartbeat-resume-native-ledgerv2-01,38,agent-13,7742.482276,9.84,True
portfolio-heartbeat-resume-native-ledgerv2-01,39,auto-26,7805.17002,9.84,True
portfolio-heartbeat-resume-native-ledgerv2-01,40,agent-14,8086.405537,18.88,True
portfolio-heartbeat-resume-native-ledgerv2-01,41,auto-27,8105.357709,18.88,True
portfolio-heartbeat-resume-native-ledgerv2-01,42,auto-28,8405.584144,18.88,True
portfolio-heartbeat-resume-native-ledgerv2-01,43,auto-29,8705.929253,18.88,True
portfolio-heartbeat-resume-native-ledgerv2-01,44,auto-30,9006.197493,18.88,True
portfolio-heartbeat-resume-native-ledgerv2-01,45,agent-15,9144.737836,13.750000000000002,True
portfolio-heartbeat-resume-native-ledgerv2-01,46,auto-31,9306.385037,15.57,True
portfolio-heartbeat-resume-native-ledgerv2-01,47,agent-16,9329.049671,15.57,True
portfolio-heartbeat-resume-native-ledgerv2-01,48,auto-32,9606.620699,18.88,True
portfolio-heartbeat-resume-native-ledgerv2-01,49,auto-33,9906.874505,18.88,True
portfolio-heartbeat-resume-native-ledgerv2-01,50,auto-34,10207.0972,18.88,True
portfolio-heartbeat-resume-native-ledgerv2-01,51,agent-17,10433.009076,7.960000000000001,True
portfolio-heartbeat-resume-native-ledgerv2-01,52,auto-35,10507.333196,7.960000000000001,True
portfolio-heartbeat-resume-native-ledgerv2-01,53,agent-18,10643.171575,19.08,True
portfolio-heartbeat-resume-native-ledgerv2-01,54,auto-36,10807.613808,19.08,True
portfolio-heartbeat-resume-native-ledgerv2-01,55,auto-37,11107.822578,19.08,True
portfolio-heartbeat-resume-native-ledgerv2-01,56,auto-38,11408.034411,19.08,True
portfolio-heartbeat-resume-native-ledgerv2-01,57,auto-39,11708.28005,19.08,True
portfolio-heartbeat-resume-native-ledgerv2-01,58,agent-19,11816.039159,15.57,True
portfolio-heartbeat-resume-native-ledgerv2-01,59,agent-20,11982.329582,15.810000000000002,True
portfolio-heartbeat-resume-native-ledgerv2-01,60,auto-40,12008.523713,15.810000000000002,True
portfolio-heartbeat-resume-native-ledgerv2-01,61,auto-41,12308.709061,19.08,True
portfolio-heartbeat-resume-native-ledgerv2-01,62,auto-42,12608.912313,19.08,True
portfolio-heartbeat-resume-native-ledgerv2-01,63,agent-21,12784.396395,17.65,True
portfolio-heartbeat-resume-native-ledgerv2-01,64,auto-43,12909.142151,17.65,True
portfolio-heartbeat-resume-native-ledgerv2-01,65,agent-22,12964.380052,19.72,True
portfolio-heartbeat-resume-native-ledgerv2-01,66,auto-44,13209.390064,19.72,True
portfolio-heartbeat-resume-native-ledgerv2-01,67,auto-45,13509.595601,19.72,True
portfolio-heartbeat-resume-native-ledgerv2-01,68,auto-46,13809.793844,19.72,True
portfolio-heartbeat-resume-native-ledgerv2-01,69,agent-23,14028.728945,23.16,True
portfolio-heartbeat-resume-native-ledgerv2-01,70,auto-47,14110.04213,23.16,True
portfolio-heartbeat-resume-native-ledgerv2-01,71,auto-48,14410.297841,23.16,True
portfolio-heartbeat-resume-native-ledgerv2-01,72,auto-49,14710.549285,23.16,True
portfolio-heartbeat-resume-native-ledgerv2-01,73,auto-50,15010.809561,23.16,True
portfolio-heartbeat-resume-native-ledgerv2-01,74,auto-51,15311.122947,23.16,True
portfolio-heartbeat-resume-native-ledgerv2-01,75,auto-52,15611.548427,23.16,True
portfolio-heartbeat-resume-native-ledgerv2-01,76,auto-53,15911.872581,23.16,True
portfolio-heartbeat-resume-native-ledgerv2-01,77,auto-54,16212.15705,23.16,True
portfolio-heartbeat-resume-native-ledgerv2-01,78,auto-55,16512.47695,23.16,True
portfolio-heartbeat-resume-native-ledgerv2-01,79,agent-24,16715.174115,16.62,True
portfolio-heartbeat-resume-native-ledgerv2-01,80,auto-56,16812.740002,16.62,True
portfolio-heartbeat-resume-native-ledgerv2-01,81,auto-57,17113.00356,23.16,True
portfolio-heartbeat-resume-native-ledgerv2-01,82,auto-58,17413.345421,23.16,True
portfolio-heartbeat-resume-native-ledgerv2-01,83,auto-59,17713.640106,23.16,True
portfolio-heartbeat-resume-native-ledgerv2-01,84,agent-25,17812.199117,20.48,True
portfolio-heartbeat-resume-native-ledgerv2-01,85,auto-60,18013.896756,23.16,True
portfolio-heartbeat-resume-native-ledgerv2-01,86,agent-26,18064.488656,23.97,True
portfolio-heartbeat-resume-native-ledgerv2-01,87,auto-61,18314.14648,22.61,True
portfolio-heartbeat-resume-native-ledgerv2-01,88,agent-27,18353.998957,22.61,True
portfolio-heartbeat-resume-native-ledgerv2-01,89,auto-62,18614.367679,23.97,True
portfolio-heartbeat-resume-native-ledgerv2-01,90,auto-63,18914.799756,23.97,True
portfolio-heartbeat-resume-native-ledgerv2-01,91,auto-64,19215.216365,23.97,True
portfolio-heartbeat-resume-native-ledgerv2-01,92,auto-65,19515.479759,23.97,True
portfolio-heartbeat-resume-native-ledgerv2-01,93,agent-28,19742.565228,24.04,True
portfolio-heartbeat-resume-native-ledgerv2-01,94,auto-66,19815.761271,21.06,True
portfolio-heartbeat-resume-native-ledgerv2-01,95,agent-29,19985.26743,21.06,True
portfolio-heartbeat-resume-native-ledgerv2-01,96,auto-67,20116.001974,24.04,True
portfolio-heartbeat-resume-native-ledgerv2-01,97,auto-68,20416.553664,24.04,True
portfolio-heartbeat-resume-native-ledgerv2-01,98,auto-69,20716.883479,24.04,True
portfolio-heartbeat-resume-native-ledgerv2-01,99,auto-70,21017.147343,24.04,True
portfolio-heartbeat-resume-native-ledgerv2-01,100,agent-30,21078.516052,22.23,True
portfolio-heartbeat-resume-native-ledgerv2-01,101,auto-71,21317.363915,24.04,True
portfolio-heartbeat-resume-native-ledgerv2-01,102,auto-72,21617.579485,24.04,True
portfolio-heartbeat-resume-native-ledgerv2-01,103,auto-73,21917.772041,24.04,True
portfolio-heartbeat-resume-native-ledgerv2-01,104,auto-74,22218.010795,24.04,True
portfolio-heartbeat-resume-native-ledgerv2-01,105,auto-75,22518.26056,24.04,True
portfolio-heartbeat-resume-native-ledgerv2-01,106,auto-76,22818.627374,24.04,True
portfolio-heartbeat-resume-native-ledgerv2-01,107,auto-77,23118.938033,24.04,True
portfolio-heartbeat-resume-native-ledgerv2-01,108,auto-78,23419.210788,24.04,True
portfolio-heartbeat-resume-native-ledgerv2-01,109,auto-79,23719.503917,24.04,True
portfolio-heartbeat-resume-native-ledgerv2-01,110,auto-80,24019.837957,24.04,True
portfolio-heartbeat-resume-native-ledgerv2-01,111,auto-81,24320.135273,24.04,True
portfolio-heartbeat-resume-native-ledgerv2-01,112,auto-82,24620.442382,24.04,True
portfolio-heartbeat-resume-native-ledgerv2-01,113,auto-83,24920.736526,24.04,True
portfolio-heartbeat-resume-native-ledgerv2-01,114,auto-84,25221.29536,24.04,True
portfolio-heartbeat-resume-native-ledgerv2-01,115,auto-85,25521.583929,24.04,True
portfolio-heartbeat-resume-native-ledgerv2-01,116,auto-86,25821.848881,24.04,True
portfolio-heartbeat-resume-native-ledgerv2-01,117,auto-87,26122.150286,24.04,True
portfolio-heartbeat-resume-native-ledgerv2-01,118,auto-88,26422.31284,24.04,True
portfolio-heartbeat-resume-native-ledgerv2-01,119,auto-89,26722.485535,24.04,True
portfolio-heartbeat-resume-native-ledgerv2-01,120,auto-90,27022.876313,24.04,True
portfolio-heartbeat-resume-native-ledgerv2-01,121,auto-91,27323.037736,24.04,True
portfolio-heartbeat-resume-native-ledgerv2-01,122,auto-92,27623.202667,24.04,True
portfolio-heartbeat-resume-native-ledgerv2-01,123,auto-93,27923.378724,24.04,True
portfolio-heartbeat-resume-native-ledgerv2-01,124,auto-94,28223.544877,24.04,True
portfolio-heartbeat-resume-native-ledgerv2-01,125,auto-95,28523.716091,24.04,True
portfolio-heartbeat-resume-native-ledgerv2-01,126,auto-96,28823.876041,24.04,True
portfolio-heartbeat-resume-native-ledgerv2-01,127,auto-97,29124.058268,24.04,True
portfolio-heartbeat-resume-native-ledgerv2-01,128,auto-98,29424.214534,24.04,True
portfolio-heartbeat-resume-native-ledgerv2-01,129,auto-99,29724.388868,24.04,True
portfolio-heartbeat-resume-native-ledgerv2-01,130,auto-100,30024.558591,24.04,True
portfolio-heartbeat-resume-native-ledgerv2-01,131,auto-101,30324.712533,24.04,True
portfolio-heartbeat-resume-native-ledgerv2-01,132,auto-102,30624.886445,24.04,True
portfolio-heartbeat-resume-native-ledgerv2-01,133,auto-103,30925.026291,24.04,True
portfolio-heartbeat-resume-native-ledgerv2-01,134,auto-104,31225.166515,24.04,True
portfolio-heartbeat-resume-native-ledgerv2-01,135,auto-105,31525.312925,24.04,True
portfolio-heartbeat-resume-native-ledgerv2-01,136,auto-106,31825.478782,24.04,True
portfolio-heartbeat-resume-native-ledgerv2-01,137,auto-107,32125.63661,24.04,True
portfolio-heartbeat-resume-native-ledgerv2-01,138,auto-108,32425.796143,24.04,True
portfolio-heartbeat-resume-native-ledgerv2-01,139,auto-109,32725.957264,24.04,True
portfolio-heartbeat-resume-native-ledgerv2-01,140,auto-110,33026.173247,24.04,True
portfolio-heartbeat-resume-native-ledgerv2-01,141,auto-111,33326.374872,24.04,True
portfolio-heartbeat-resume-native-ledgerv2-01,142,auto-112,33626.560209,24.04,True
portfolio-heartbeat-resume-native-ledgerv2-01,143,auto-113,33926.82898,24.04,True
portfolio-heartbeat-resume-native-ledgerv2-01,144,auto-114,34227.553479,24.04,True
portfolio-heartbeat-resume-native-ledgerv2-01,145,auto-115,34530.675334,24.04,True
portfolio-heartbeat-resume-native-ledgerv2-01,146,auto-116,34837.143765,24.04,True
portfolio-heartbeat-resume-native-ledgerv2-01,147,auto-117,35149.378791,24.04,True
portfolio-heartbeat-resume-native-ledgerv2-01,148,auto-118,35449.708681,24.04,True
portfolio-heartbeat-resume-native-ledgerv2-01,149,auto-119,35750.100175,24.04,True
portfolio-heartbeat-resume-native-ledgerv2-01,150,auto-120,36050.343462,24.04,True
portfolio-heartbeat-resume-native-ledgerv2-01,151,auto-121,36351.450492,24.04,True
portfolio-heartbeat-resume-native-ledgerv2-01,152,auto-122,36652.783536,24.04,True
portfolio-heartbeat-resume-native-ledgerv2-01,153,auto-123,36953.723571,24.04,True
portfolio-heartbeat-resume-native-ledgerv2-01,154,auto-124,37254.206862,24.04,True
portfolio-heartbeat-resume-native-ledgerv2-01,155,agent-31,37266.111997,20.5,True
portfolio-heartbeat-resume-native-ledgerv2-01,156,auto-125,37554.98977,24.04,True
portfolio-heartbeat-resume-native-ledgerv2-01,157,auto-126,37855.95092,24.04,True
portfolio-heartbeat-resume-native-ledgerv2-01,158,auto-127,38157.59701,24.04,True
portfolio-heartbeat-resume-native-ledgerv2-01,159,auto-128,38458.769567,24.04,True
portfolio-heartbeat-resume-native-ledgerv2-01,160,auto-129,38759.39155,24.04,True
portfolio-heartbeat-resume-native-ledgerv2-01,161,auto-130,39060.180481,24.04,True
portfolio-heartbeat-resume-native-ledgerv2-01,162,auto-131,39360.868392,24.04,True
portfolio-heartbeat-resume-native-ledgerv2-01,163,auto-132,39662.158639,24.04,True
portfolio-heartbeat-resume-native-ledgerv2-01,164,auto-133,39962.602211,24.04,True
portfolio-heartbeat-resume-native-ledgerv2-01,165,auto-134,40263.630298,24.04,True
portfolio-heartbeat-resume-native-ledgerv2-01,166,auto-135,40565.053793,24.04,True
portfolio-heartbeat-resume-native-ledgerv2-01,167,agent-32,40678.394792,22.68,True
portfolio-heartbeat-resume-native-ledgerv2-01,168,auto-136,40865.728059,24.04,True
portfolio-heartbeat-resume-native-ledgerv2-01,169,auto-137,41166.277528,24.04,True
portfolio-heartbeat-resume-native-ledgerv2-01,170,auto-138,41467.709829,24.04,True
portfolio-heartbeat-resume-native-ledgerv2-01,171,auto-139,41768.197039,24.04,True
portfolio-heartbeat-resume-native-ledgerv2-01,172,auto-140,42068.866397,24.04,True
portfolio-heartbeat-resume-native-ledgerv2-01,173,auto-141,42369.775054,24.04,True
portfolio-heartbeat-resume-native-ledgerv2-01,174,auto-142,42670.113377,24.04,True
portfolio-heartbeat-resume-native-ledgerv2-01,175,auto-143,42970.494842,24.04,True
portfolio-heartbeat-resume-native-ledgerv2-01,176,auto-144,43271.630957,24.04,True
portfolio-heartbeat-resume-native-ledgerv2-01,177,auto-145,43572.443704,24.04,True
portfolio-heartbeat-resume-native-ledgerv2-01,178,auto-146,43872.845606,24.04,True
portfolio-heartbeat-resume-native-ledgerv2-01,179,auto-147,44173.784902,24.04,True
portfolio-heartbeat-resume-native-ledgerv2-01,180,auto-148,44475.148494,24.04,True
portfolio-heartbeat-resume-native-ledgerv2-01,181,auto-149,44775.645244,24.04,True
portfolio-heartbeat-resume-native-ledgerv2-01,182,auto-150,45077.142607,24.04,True
portfolio-heartbeat-resume-native-ledgerv2-01,183,auto-151,45378.338138,24.04,True
portfolio-heartbeat-resume-native-ledgerv2-01,184,auto-152,45679.257746,24.04,True
portfolio-heartbeat-resume-native-ledgerv2-01,185,auto-153,45979.843806,24.04,True
portfolio-heartbeat-resume-native-ledgerv2-01,186,auto-154,46282.326883,24.04,True
portfolio-heartbeat-resume-native-ledgerv2-01,187,auto-155,46583.978569,24.04,True
portfolio-heartbeat-resume-native-ledgerv2-01,188,auto-156,46885.608885,24.04,True
portfolio-heartbeat-resume-native-ledgerv2-01,189,auto-157,47186.356015,24.04,True
portfolio-heartbeat-resume-native-ledgerv2-01,190,auto-158,47488.080626,24.04,True
portfolio-heartbeat-resume-native-ledgerv2-01,191,auto-159,47788.738048,24.04,True
portfolio-heartbeat-resume-native-ledgerv2-01,192,auto-160,48090.164847,24.04,True
portfolio-heartbeat-resume-native-ledgerv2-01,193,auto-161,48390.392752,24.04,True
portfolio-heartbeat-resume-native-ledgerv2-01,194,auto-162,48690.905773,24.04,True
portfolio-heartbeat-resume-native-ledgerv2-01,195,auto-163,48991.3884,24.04,True
portfolio-heartbeat-resume-native-ledgerv2-01,196,auto-164,49292.141351,24.04,True
portfolio-heartbeat-resume-native-ledgerv2-01,197,auto-165,49592.626912,24.04,True
portfolio-heartbeat-resume-native-ledgerv2-01,198,auto-166,49894.464025,24.04,True
portfolio-heartbeat-resume-native-ledgerv2-01,199,auto-167,50195.309932,24.04,True
portfolio-heartbeat-resume-native-ledgerv2-01,200,auto-168,50495.859931,24.04,True
portfolio-heartbeat-resume-native-ledgerv2-01,201,auto-169,50796.663877,24.04,True
portfolio-heartbeat-resume-native-ledgerv2-01,202,auto-170,51097.41527,24.04,True
portfolio-heartbeat-resume-native-ledgerv2-01,203,agent-33,51216.645388,20.38,True
portfolio-heartbeat-resume-native-ledgerv2-01,204,auto-171,51398.383586,24.04,True
portfolio-heartbeat-resume-native-ledgerv2-01,205,auto-172,51699.19896,24.04,True
portfolio-heartbeat-resume-native-ledgerv2-01,206,auto-173,52000.088341,24.04,True
portfolio-heartbeat-resume-native-ledgerv2-01,207,auto-174,52300.386506,24.04,True
portfolio-heartbeat-resume-native-ledgerv2-01,208,auto-175,52600.906174,24.04,True
portfolio-heartbeat-resume-native-ledgerv2-01,209,auto-176,52901.47824,24.04,True
portfolio-heartbeat-resume-native-ledgerv2-01,210,auto-177,53202.197083,24.04,True
portfolio-heartbeat-resume-native-ledgerv2-01,211,auto-178,53502.915209,24.04,True
portfolio-heartbeat-resume-native-ledgerv2-01,212,auto-179,53803.70047,24.04,True
portfolio-heartbeat-resume-native-ledgerv2-01,213,auto-180,54105.350036,24.04,True
portfolio-heartbeat-resume-native-ledgerv2-01,214,auto-181,54407.044989,24.04,True
portfolio-heartbeat-resume-native-ledgerv2-01,215,agent-34,54609.516926,18.04,True
portfolio-heartbeat-resume-native-ledgerv2-01,216,auto-182,54708.135769,18.04,True
portfolio-heartbeat-resume-native-ledgerv2-01,217,auto-183,55009.134547,24.04,True
portfolio-heartbeat-resume-native-ledgerv2-01,218,auto-184,55311.129191,24.04,True
portfolio-heartbeat-resume-native-ledgerv2-01,219,auto-185,55613.005717,24.04,True
portfolio-heartbeat-resume-native-ledgerv2-01,220,auto-186,55914.504046,24.04,True
portfolio-heartbeat-resume-native-ledgerv2-01,221,auto-187,56214.774233,24.04,True
portfolio-heartbeat-resume-native-ledgerv2-01,222,auto-188,56516.407553,24.04,True
portfolio-heartbeat-resume-native-ledgerv2-01,223,auto-189,56817.030393,24.04,True
portfolio-heartbeat-resume-native-ledgerv2-01,224,auto-190,57118.201437,24.04,True
portfolio-heartbeat-resume-native-ledgerv2-01,225,auto-191,57418.973952,24.04,True
portfolio-heartbeat-resume-native-ledgerv2-01,226,auto-192,57719.294605,24.04,True
portfolio-heartbeat-resume-native-ledgerv2-01,227,auto-193,58020.110705,24.04,True
portfolio-heartbeat-resume-native-ledgerv2-01,228,auto-194,58321.856305,24.04,True
portfolio-heartbeat-resume-native-ledgerv2-01,229,auto-195,58623.600927,24.04,True
portfolio-heartbeat-resume-native-ledgerv2-01,230,auto-196,58925.352702,24.04,True
portfolio-heartbeat-resume-native-ledgerv2-01,231,auto-197,59226.891674,24.04,True
portfolio-heartbeat-resume-native-ledgerv2-01,232,auto-198,59528.022762,24.04,True
portfolio-heartbeat-resume-native-ledgerv2-01,233,auto-199,59828.659817,24.04,True
portfolio-heartbeat-resume-native-ledgerv2-01,234,auto-200,60128.990686,24.04,True
portfolio-heartbeat-resume-native-ledgerv2-01,235,auto-201,60429.295892,24.04,True
portfolio-heartbeat-resume-native-ledgerv2-01,236,auto-202,60729.946518,24.04,True
portfolio-heartbeat-resume-native-ledgerv2-01,237,auto-203,61030.780712,24.04,True
portfolio-heartbeat-resume-native-ledgerv2-01,238,auto-204,61331.821461,24.04,True
portfolio-heartbeat-resume-native-ledgerv2-01,239,auto-205,61633.141963,24.04,True
portfolio-heartbeat-resume-native-ledgerv2-01,240,auto-206,61933.997078,24.04,True
portfolio-heartbeat-resume-native-ledgerv2-01,241,auto-207,62234.917113,24.04,True
portfolio-heartbeat-resume-native-ledgerv2-01,242,auto-208,62536.07463,24.04,True
portfolio-heartbeat-resume-native-ledgerv2-01,243,auto-209,62836.450407,24.04,True
portfolio-heartbeat-resume-native-ledgerv2-01,244,auto-210,63137.430782,24.04,True
portfolio-heartbeat-resume-native-ledgerv2-01,245,auto-211,63438.137182,24.04,True
portfolio-heartbeat-resume-native-ledgerv2-01,246,auto-212,63739.295755,24.04,True
portfolio-heartbeat-resume-native-ledgerv2-01,247,auto-213,64041.273655,24.04,True
portfolio-heartbeat-resume-native-ledgerv2-01,248,auto-214,64342.766519,24.04,True
portfolio-heartbeat-resume-native-ledgerv2-01,249,auto-215,64644.293957,24.04,True
portfolio-heartbeat-resume-blind-ledgerv2-01,1,auto-1,300.00083,0.0,True
portfolio-heartbeat-resume-blind-ledgerv2-01,2,auto-2,600.146633,17.32,True
portfolio-heartbeat-resume-blind-ledgerv2-01,3,auto-3,900.315212,9.35,True
portfolio-heartbeat-resume-blind-ledgerv2-01,4,auto-4,1200.524936,10.4,True
portfolio-heartbeat-resume-blind-ledgerv2-01,5,auto-5,1500.764969,11.85,True
portfolio-heartbeat-resume-blind-ledgerv2-01,6,auto-6,1800.928579,11.85,True
portfolio-heartbeat-resume-blind-ledgerv2-01,7,auto-7,2101.083325,11.85,True
portfolio-heartbeat-resume-blind-ledgerv2-01,8,auto-8,2401.254126,11.85,True
portfolio-heartbeat-resume-blind-ledgerv2-01,9,auto-9,2701.43439,11.85,True
portfolio-heartbeat-resume-blind-ledgerv2-01,10,auto-10,3001.62222,11.85,True
portfolio-heartbeat-resume-blind-ledgerv2-01,11,auto-11,3301.76178,11.85,True
portfolio-heartbeat-resume-blind-ledgerv2-01,12,auto-12,3601.964028,13.52,True
portfolio-heartbeat-resume-blind-ledgerv2-01,13,auto-13,3902.113599,13.52,True
portfolio-heartbeat-resume-blind-ledgerv2-01,14,auto-14,4202.264,13.52,True
portfolio-heartbeat-resume-blind-ledgerv2-01,15,auto-15,4502.426826,13.52,True
portfolio-heartbeat-resume-blind-ledgerv2-01,16,auto-16,4802.58506,13.52,True
portfolio-heartbeat-resume-blind-ledgerv2-01,17,auto-17,5102.749506,13.52,True
portfolio-heartbeat-resume-blind-ledgerv2-01,18,auto-18,5402.897544,13.52,True
portfolio-heartbeat-resume-blind-ledgerv2-01,19,auto-19,5703.07527,13.52,True
portfolio-heartbeat-resume-blind-ledgerv2-01,20,auto-20,6003.275761,13.52,True
portfolio-heartbeat-resume-blind-ledgerv2-01,21,auto-21,6303.463442,13.52,True
portfolio-heartbeat-resume-blind-ledgerv2-01,22,auto-22,6603.686668,13.52,True
portfolio-heartbeat-resume-blind-ledgerv2-01,23,auto-23,6904.159146,13.52,True
portfolio-heartbeat-resume-blind-ledgerv2-01,24,auto-24,7204.359934,13.52,True
portfolio-heartbeat-resume-blind-ledgerv2-01,25,auto-25,7504.671099,13.52,True
portfolio-heartbeat-resume-blind-ledgerv2-01,26,auto-26,7804.89419,13.52,True
portfolio-heartbeat-resume-blind-ledgerv2-01,27,auto-27,8105.124925,13.52,True
portfolio-heartbeat-resume-blind-ledgerv2-01,28,auto-28,8405.318757,13.52,True
portfolio-heartbeat-resume-blind-ledgerv2-01,29,auto-29,8705.686893,13.52,True
portfolio-heartbeat-resume-blind-ledgerv2-01,30,auto-30,9005.876013,13.52,True
portfolio-heartbeat-resume-blind-ledgerv2-01,31,auto-31,9306.072247,13.52,True
portfolio-heartbeat-resume-blind-ledgerv2-01,32,auto-32,9606.318347,13.52,True
portfolio-heartbeat-resume-blind-ledgerv2-01,33,auto-33,9906.576189,13.52,True
portfolio-heartbeat-resume-blind-ledgerv2-01,34,auto-34,10206.787551,13.52,True
portfolio-heartbeat-resume-blind-ledgerv2-01,35,auto-35,10507.02297,13.52,True
portfolio-heartbeat-resume-blind-ledgerv2-01,36,auto-36,10807.262337,13.52,True
portfolio-heartbeat-resume-blind-ledgerv2-01,37,auto-37,11107.492963,13.52,True
portfolio-heartbeat-resume-blind-ledgerv2-01,38,auto-38,11407.743051,13.52,True
portfolio-heartbeat-resume-blind-ledgerv2-01,39,auto-39,11707.993711,13.52,True
portfolio-heartbeat-resume-blind-ledgerv2-01,40,auto-40,12008.223537,13.52,True
portfolio-heartbeat-resume-blind-ledgerv2-01,41,auto-41,12308.404269,15.57,True
portfolio-heartbeat-resume-blind-ledgerv2-01,42,auto-42,12608.602984,15.57,True
portfolio-heartbeat-resume-blind-ledgerv2-01,43,auto-43,12909.041648,15.57,True
portfolio-heartbeat-resume-blind-ledgerv2-01,44,auto-44,13209.289206,15.57,True
portfolio-heartbeat-resume-blind-ledgerv2-01,45,auto-45,13509.492936,15.57,True
portfolio-heartbeat-resume-blind-ledgerv2-01,46,auto-46,13809.725071,15.57,True
portfolio-heartbeat-resume-blind-ledgerv2-01,47,auto-47,14109.934869,15.57,True
portfolio-heartbeat-resume-blind-ledgerv2-01,48,auto-48,14410.236907,15.57,True
portfolio-heartbeat-resume-blind-ledgerv2-01,49,auto-49,14710.531164,15.57,True
portfolio-heartbeat-resume-blind-ledgerv2-01,50,auto-50,15010.787088,15.57,True
portfolio-heartbeat-resume-blind-ledgerv2-01,51,auto-51,15311.051931,15.57,True
portfolio-heartbeat-resume-blind-ledgerv2-01,52,auto-52,15611.486453,15.57,True
portfolio-heartbeat-resume-blind-ledgerv2-01,53,auto-53,15911.764441,15.57,True
portfolio-heartbeat-resume-blind-ledgerv2-01,54,auto-54,16212.104108,15.57,True
portfolio-heartbeat-resume-blind-ledgerv2-01,55,auto-55,16512.416593,15.57,True
portfolio-heartbeat-resume-blind-ledgerv2-01,56,auto-56,16812.815933,15.57,True
portfolio-heartbeat-resume-blind-ledgerv2-01,57,auto-57,17113.094188,15.57,True
portfolio-heartbeat-resume-blind-ledgerv2-01,58,auto-58,17413.435959,15.57,True
portfolio-heartbeat-resume-blind-ledgerv2-01,59,auto-59,17713.648558,15.57,True
portfolio-heartbeat-resume-blind-ledgerv2-01,60,auto-60,18013.890112,15.57,True
portfolio-heartbeat-resume-blind-ledgerv2-01,61,auto-61,18314.147103,15.57,True
portfolio-heartbeat-resume-blind-ledgerv2-01,62,auto-62,18614.460833,15.57,True
portfolio-heartbeat-resume-blind-ledgerv2-01,63,auto-63,18914.739269,15.57,True
portfolio-heartbeat-resume-blind-ledgerv2-01,64,auto-64,19215.008049,15.57,True
portfolio-heartbeat-resume-blind-ledgerv2-01,65,auto-65,19515.407812,15.57,True
portfolio-heartbeat-resume-blind-ledgerv2-01,66,auto-66,19815.806924,15.57,True
portfolio-heartbeat-resume-blind-ledgerv2-01,67,auto-67,20116.052381,15.57,True
portfolio-heartbeat-resume-blind-ledgerv2-01,68,auto-68,20416.398712,15.57,True
portfolio-heartbeat-resume-blind-ledgerv2-01,69,auto-69,20716.705734,15.57,True
portfolio-heartbeat-resume-blind-ledgerv2-01,70,auto-70,21016.993025,15.57,True
portfolio-heartbeat-resume-blind-ledgerv2-01,71,auto-71,21317.298918,15.57,True
portfolio-heartbeat-resume-blind-ledgerv2-01,72,auto-72,21617.521647,15.57,True
portfolio-heartbeat-resume-blind-ledgerv2-01,73,auto-73,21917.748265,15.57,True
portfolio-heartbeat-resume-blind-ledgerv2-01,74,auto-74,22218.017809,15.57,True
portfolio-heartbeat-resume-blind-ledgerv2-01,75,auto-75,22518.253048,15.57,True
portfolio-heartbeat-resume-blind-ledgerv2-01,76,auto-76,22818.643729,15.57,True
portfolio-heartbeat-resume-blind-ledgerv2-01,77,auto-77,23119.240486,15.57,True
portfolio-heartbeat-resume-blind-ledgerv2-01,78,auto-78,23419.572756,15.57,True
portfolio-heartbeat-resume-blind-ledgerv2-01,79,auto-79,23719.90488,15.57,True
portfolio-heartbeat-resume-blind-ledgerv2-01,80,auto-80,24020.273633,15.57,True
portfolio-heartbeat-resume-blind-ledgerv2-01,81,auto-81,24320.595788,15.57,True
portfolio-heartbeat-resume-blind-ledgerv2-01,82,auto-82,24621.007861,15.57,True
portfolio-heartbeat-resume-blind-ledgerv2-01,83,auto-83,24921.318928,15.57,True
portfolio-heartbeat-resume-blind-ledgerv2-01,84,auto-84,25221.719516,15.57,True
portfolio-heartbeat-resume-blind-ledgerv2-01,85,auto-85,25522.062864,15.57,True
portfolio-heartbeat-resume-blind-ledgerv2-01,86,auto-86,25822.318945,15.57,True
portfolio-heartbeat-resume-blind-ledgerv2-01,87,auto-87,26122.588355,15.57,True
portfolio-heartbeat-resume-blind-ledgerv2-01,88,auto-88,26422.754426,15.57,True
portfolio-heartbeat-resume-blind-ledgerv2-01,89,auto-89,26722.900547,15.57,True
portfolio-heartbeat-resume-blind-ledgerv2-01,90,auto-90,27023.156169,15.57,True
portfolio-heartbeat-resume-blind-ledgerv2-01,91,auto-91,27323.317453,15.57,True
portfolio-heartbeat-resume-blind-ledgerv2-01,92,auto-92,27623.455235,15.57,True
portfolio-heartbeat-resume-blind-ledgerv2-01,93,auto-93,27923.623793,15.57,True
portfolio-heartbeat-resume-blind-ledgerv2-01,94,auto-94,28223.774528,15.57,True
portfolio-heartbeat-resume-blind-ledgerv2-01,95,auto-95,28523.926779,15.57,True
portfolio-heartbeat-resume-blind-ledgerv2-01,96,auto-96,28824.065503,15.57,True
portfolio-heartbeat-resume-blind-ledgerv2-01,97,auto-97,29124.221076,15.57,True
portfolio-heartbeat-resume-blind-ledgerv2-01,98,auto-98,29424.385691,15.57,True
portfolio-heartbeat-resume-blind-ledgerv2-01,99,auto-99,29724.532115,15.57,True
portfolio-heartbeat-resume-blind-ledgerv2-01,100,auto-100,30024.709471,15.57,True
portfolio-heartbeat-resume-blind-ledgerv2-01,101,auto-101,30324.860612,15.57,True
portfolio-heartbeat-resume-blind-ledgerv2-01,102,auto-102,30625.021296,15.57,True
portfolio-heartbeat-resume-blind-ledgerv2-01,103,auto-103,30925.170072,15.57,True
portfolio-heartbeat-resume-blind-ledgerv2-01,104,auto-104,31225.343704,15.57,True
portfolio-heartbeat-resume-blind-ledgerv2-01,105,auto-105,31525.496262,15.57,True
portfolio-heartbeat-resume-blind-ledgerv2-01,106,auto-106,31825.654331,15.57,True
portfolio-heartbeat-resume-blind-ledgerv2-01,107,auto-107,32125.827327,15.57,True
portfolio-heartbeat-resume-blind-ledgerv2-01,108,auto-108,32425.975905,15.57,True
portfolio-heartbeat-resume-blind-ledgerv2-01,109,auto-109,32726.132533,15.57,True
portfolio-heartbeat-resume-blind-ledgerv2-01,110,auto-110,33026.337475,15.57,True
portfolio-heartbeat-resume-blind-ledgerv2-01,111,auto-111,33326.605633,15.57,True
portfolio-heartbeat-resume-blind-ledgerv2-01,112,auto-112,33626.782817,15.57,True
portfolio-heartbeat-resume-blind-ledgerv2-01,113,auto-113,33927.112247,15.57,True
portfolio-heartbeat-resume-blind-ledgerv2-01,114,auto-114,34227.739924,15.57,True
portfolio-heartbeat-resume-blind-ledgerv2-01,115,auto-115,34529.293132,15.57,True
portfolio-heartbeat-resume-blind-ledgerv2-01,116,auto-116,34837.538905,15.57,True
portfolio-heartbeat-resume-blind-ledgerv2-01,117,auto-117,35152.15944,15.57,True
portfolio-heartbeat-resume-blind-ledgerv2-01,118,auto-118,35452.409733,15.57,True
portfolio-heartbeat-resume-blind-ledgerv2-01,119,auto-119,35753.207181,15.57,True
portfolio-heartbeat-resume-blind-ledgerv2-01,120,auto-120,36053.448912,15.57,True
portfolio-heartbeat-resume-blind-ledgerv2-01,121,auto-121,36354.464904,15.57,True
portfolio-heartbeat-resume-blind-ledgerv2-01,122,auto-122,36655.117221,15.57,True
portfolio-heartbeat-resume-blind-ledgerv2-01,123,auto-123,36956.228241,15.57,True
portfolio-heartbeat-resume-blind-ledgerv2-01,124,auto-124,37256.642679,15.57,True
portfolio-heartbeat-resume-blind-ledgerv2-01,125,auto-125,37557.489988,15.57,True
portfolio-heartbeat-resume-blind-ledgerv2-01,126,auto-126,37858.353969,15.57,True
portfolio-heartbeat-resume-blind-ledgerv2-01,127,auto-127,38159.636797,15.57,True
portfolio-heartbeat-resume-blind-ledgerv2-01,128,auto-128,38460.840827,15.57,True
portfolio-heartbeat-resume-blind-ledgerv2-01,129,auto-129,38761.516448,15.57,True
portfolio-heartbeat-resume-blind-ledgerv2-01,130,auto-130,39062.300341,15.57,True
portfolio-heartbeat-resume-blind-ledgerv2-01,131,auto-131,39363.378549,15.57,True
portfolio-heartbeat-resume-blind-ledgerv2-01,132,auto-132,39664.313524,15.57,True
portfolio-heartbeat-resume-blind-ledgerv2-01,133,auto-133,39964.795139,15.57,True
portfolio-heartbeat-resume-blind-ledgerv2-01,134,auto-134,40266.024253,15.57,True
portfolio-heartbeat-resume-blind-ledgerv2-01,135,auto-135,40567.084744,15.57,True
portfolio-heartbeat-resume-blind-ledgerv2-01,136,auto-136,40867.980642,15.57,True
portfolio-heartbeat-resume-blind-ledgerv2-01,137,auto-137,41168.387123,15.57,True
portfolio-heartbeat-resume-blind-ledgerv2-01,138,auto-138,41469.200972,15.57,True
portfolio-heartbeat-resume-blind-ledgerv2-01,139,auto-139,41769.551688,15.57,True
portfolio-heartbeat-resume-blind-ledgerv2-01,140,auto-140,42070.322747,15.57,True
portfolio-heartbeat-resume-blind-ledgerv2-01,141,auto-141,42371.081281,15.57,True
portfolio-heartbeat-resume-blind-ledgerv2-01,142,auto-142,42671.621439,15.57,True
portfolio-heartbeat-resume-blind-ledgerv2-01,143,auto-143,42972.193199,15.57,True
portfolio-heartbeat-resume-blind-ledgerv2-01,144,auto-144,43272.805759,15.57,True
portfolio-heartbeat-resume-blind-ledgerv2-01,145,auto-145,43573.149163,15.57,True
portfolio-heartbeat-resume-blind-ledgerv2-01,146,auto-146,43873.743445,15.57,True
portfolio-heartbeat-resume-blind-ledgerv2-01,147,auto-147,44174.467764,15.57,True
portfolio-heartbeat-resume-blind-ledgerv2-01,148,auto-148,44475.628146,15.57,True
portfolio-heartbeat-resume-blind-ledgerv2-01,149,auto-149,44776.240162,15.57,True
portfolio-heartbeat-resume-blind-ledgerv2-01,150,auto-150,45077.419518,15.57,True
portfolio-heartbeat-resume-blind-ledgerv2-01,151,auto-151,45378.655082,15.57,True
portfolio-heartbeat-resume-blind-ledgerv2-01,152,auto-152,45679.192356,15.57,True
portfolio-heartbeat-resume-blind-ledgerv2-01,153,auto-153,45980.195253,15.57,True
portfolio-heartbeat-resume-blind-ledgerv2-01,154,auto-154,46282.580497,15.57,True
portfolio-heartbeat-resume-blind-ledgerv2-01,155,auto-155,46584.500848,15.57,True
portfolio-heartbeat-resume-blind-ledgerv2-01,156,auto-156,46886.176813,15.57,True
portfolio-heartbeat-resume-blind-ledgerv2-01,157,auto-157,47187.076856,15.57,True
portfolio-heartbeat-resume-blind-ledgerv2-01,158,auto-158,47488.924415,15.57,True
portfolio-heartbeat-resume-blind-ledgerv2-01,159,auto-159,47789.518472,15.57,True
portfolio-heartbeat-resume-blind-ledgerv2-01,160,auto-160,48090.569197,15.57,True
portfolio-heartbeat-resume-blind-ledgerv2-01,161,auto-161,48390.885554,15.57,True
portfolio-heartbeat-resume-blind-ledgerv2-01,162,auto-162,48691.563153,15.57,True
portfolio-heartbeat-resume-blind-ledgerv2-01,163,auto-163,48991.985337,15.57,True
portfolio-heartbeat-resume-blind-ledgerv2-01,164,auto-164,49293.679824,15.57,True
portfolio-heartbeat-resume-blind-ledgerv2-01,165,auto-165,49594.136161,15.57,True
portfolio-heartbeat-resume-blind-ledgerv2-01,166,auto-166,49895.322558,15.57,True
portfolio-heartbeat-resume-blind-ledgerv2-01,167,auto-167,50196.008503,15.57,True
portfolio-heartbeat-resume-blind-ledgerv2-01,168,auto-168,50496.761388,15.57,True
portfolio-heartbeat-resume-blind-ledgerv2-01,169,auto-169,50797.279382,15.57,True
portfolio-heartbeat-resume-blind-ledgerv2-01,170,auto-170,51097.747863,15.57,True
portfolio-heartbeat-resume-blind-ledgerv2-01,171,auto-171,51398.143968,15.57,True
portfolio-heartbeat-resume-blind-ledgerv2-01,172,auto-172,51698.831392,15.57,True
portfolio-heartbeat-resume-blind-ledgerv2-01,173,auto-173,51999.644901,15.57,True
portfolio-heartbeat-resume-blind-ledgerv2-01,174,auto-174,52300.019668,15.57,True
portfolio-heartbeat-resume-blind-ledgerv2-01,175,auto-175,52600.432471,15.57,True
portfolio-heartbeat-resume-blind-ledgerv2-01,176,auto-176,52901.254328,15.57,True
portfolio-heartbeat-resume-blind-ledgerv2-01,177,auto-177,53201.716385,15.57,True
portfolio-heartbeat-resume-blind-ledgerv2-01,178,auto-178,53502.57954,15.57,True
portfolio-heartbeat-resume-blind-ledgerv2-01,179,auto-179,53803.42719,15.57,True
portfolio-heartbeat-resume-blind-ledgerv2-01,180,auto-180,54104.897206,15.57,True
portfolio-heartbeat-resume-blind-ledgerv2-01,181,auto-181,54407.029071,15.57,True
portfolio-heartbeat-resume-blind-ledgerv2-01,182,auto-182,54707.833405,15.57,True
portfolio-heartbeat-resume-blind-ledgerv2-01,183,auto-183,55008.584191,15.57,True
portfolio-heartbeat-resume-blind-ledgerv2-01,184,auto-184,55310.325976,15.57,True
portfolio-heartbeat-resume-blind-ledgerv2-01,185,auto-185,55612.434122,15.57,True
portfolio-heartbeat-resume-blind-ledgerv2-01,186,auto-186,55913.68774,15.57,True
portfolio-heartbeat-resume-blind-ledgerv2-01,187,auto-187,56213.878221,15.57,True
portfolio-heartbeat-resume-blind-ledgerv2-01,188,auto-188,56514.784311,15.57,True
portfolio-heartbeat-resume-blind-ledgerv2-01,189,auto-189,56815.075948,15.57,True
portfolio-heartbeat-resume-blind-ledgerv2-01,190,auto-190,57116.27974,15.57,True
portfolio-heartbeat-resume-blind-ledgerv2-01,191,auto-191,57416.845299,15.57,True
portfolio-heartbeat-resume-blind-ledgerv2-01,192,auto-192,57717.31643,15.57,True
portfolio-heartbeat-resume-blind-ledgerv2-01,193,auto-193,58018.157777,15.57,True
portfolio-heartbeat-resume-blind-ledgerv2-01,194,auto-194,58319.929894,15.57,True
portfolio-heartbeat-resume-blind-ledgerv2-01,195,auto-195,58621.522599,15.57,True
portfolio-heartbeat-resume-blind-ledgerv2-01,196,auto-196,58923.36038,15.57,True
portfolio-heartbeat-resume-blind-ledgerv2-01,197,auto-197,59224.524579,15.57,True
portfolio-heartbeat-resume-blind-ledgerv2-01,198,auto-198,59525.362807,15.57,True
portfolio-heartbeat-resume-blind-ledgerv2-01,199,auto-199,59825.834185,15.57,True
portfolio-heartbeat-resume-blind-ledgerv2-01,200,auto-200,60126.272233,15.57,True
portfolio-heartbeat-resume-blind-ledgerv2-01,201,auto-201,60426.758204,15.57,True
portfolio-heartbeat-resume-blind-ledgerv2-01,202,auto-202,60728.030532,15.57,True
portfolio-heartbeat-resume-blind-ledgerv2-01,203,auto-203,61028.883721,15.57,True
portfolio-heartbeat-resume-blind-ledgerv2-01,204,auto-204,61330.363254,15.57,True
portfolio-heartbeat-resume-blind-ledgerv2-01,205,auto-205,61631.325552,15.57,True
portfolio-heartbeat-resume-blind-ledgerv2-01,206,auto-206,61931.898135,15.57,True
portfolio-heartbeat-resume-blind-ledgerv2-01,207,auto-207,62232.710277,15.57,True
portfolio-heartbeat-resume-blind-ledgerv2-01,208,auto-208,62533.550738,15.57,True
portfolio-heartbeat-resume-blind-ledgerv2-01,209,auto-209,62834.056659,15.57,True
portfolio-heartbeat-resume-blind-ledgerv2-01,210,auto-210,63135.178492,15.57,True
portfolio-heartbeat-resume-blind-ledgerv2-01,211,auto-211,63436.13351,15.57,True
portfolio-heartbeat-resume-blind-ledgerv2-01,212,auto-212,63737.064478,15.57,True
portfolio-heartbeat-resume-blind-ledgerv2-01,213,auto-213,64038.959468,15.57,True
portfolio-heartbeat-resume-blind-ledgerv2-01,214,auto-214,64340.813528,15.57,True
portfolio-heartbeat-resume-blind-ledgerv2-01,215,auto-215,64643.053581,15.57,True
portfolio-heartbeat-explore-native-qualifiedv13-01,1,auto-1,300.124929,0.0,True
portfolio-heartbeat-explore-native-qualifiedv13-01,2,agent-1,513.576365,26.729999999999997,True
portfolio-heartbeat-explore-native-qualifiedv13-01,3,auto-2,600.339303,9.49,True
portfolio-heartbeat-explore-native-qualifiedv13-01,4,agent-2,711.624729,11.47,True
portfolio-heartbeat-explore-native-qualifiedv13-01,5,auto-3,900.510272,11.47,True
portfolio-heartbeat-explore-native-qualifiedv13-01,6,agent-3,991.951914,17.16,True
portfolio-heartbeat-explore-native-qualifiedv13-01,7,agent-4,1177.867299,28.43,True
portfolio-heartbeat-explore-native-qualifiedv13-01,8,auto-4,1200.798347,28.43,True
portfolio-heartbeat-explore-native-qualifiedv13-01,9,auto-5,1500.964657,28.43,True
portfolio-heartbeat-explore-native-qualifiedv13-01,10,agent-5,1625.7696,16.61,True
portfolio-heartbeat-explore-native-qualifiedv13-01,11,auto-6,1801.1197,16.61,True
portfolio-heartbeat-explore-native-qualifiedv13-01,12,agent-6,1877.566266,1.66,True
portfolio-heartbeat-explore-native-qualifiedv13-01,13,auto-7,2101.276011,25.5,True
portfolio-heartbeat-explore-native-qualifiedv13-01,14,agent-7,2231.102082,29.31,True
portfolio-heartbeat-explore-native-qualifiedv13-01,15,auto-8,2401.442393,29.31,True
portfolio-heartbeat-explore-native-qualifiedv13-01,16,auto-9,2701.688426,29.31,True
portfolio-heartbeat-explore-native-qualifiedv13-01,17,agent-8,2979.29814,29.15,True
portfolio-heartbeat-explore-native-qualifiedv13-01,18,auto-10,3001.854431,29.15,True
portfolio-heartbeat-explore-native-qualifiedv13-01,19,agent-9,3184.651383,26.090000000000003,True
portfolio-heartbeat-explore-native-qualifiedv13-01,20,auto-11,3302.026425,26.090000000000003,True
portfolio-heartbeat-explore-native-qualifiedv13-01,21,auto-12,3602.19574,30.34,True
portfolio-heartbeat-explore-native-qualifiedv13-01,22,agent-10,3791.52394,30.34,True
portfolio-heartbeat-explore-native-qualifiedv13-01,23,auto-13,3902.384378,30.34,True
portfolio-heartbeat-explore-native-qualifiedv13-01,24,auto-14,4202.539295,30.34,True
portfolio-heartbeat-explore-native-qualifiedv13-01,25,auto-15,4502.725466,30.34,True
portfolio-heartbeat-explore-native-qualifiedv13-01,26,agent-11,4549.892784,28.09,True
portfolio-heartbeat-explore-native-qualifiedv13-01,27,agent-12,4754.986867,27.01,True
portfolio-heartbeat-explore-native-qualifiedv13-01,28,auto-16,4802.878136,27.01,True
portfolio-heartbeat-explore-native-qualifiedv13-01,29,auto-17,5103.035617,30.34,True
portfolio-heartbeat-explore-native-qualifiedv13-01,30,auto-18,5403.197008,30.34,True
portfolio-heartbeat-explore-native-qualifiedv13-01,31,agent-13,5550.747186,31.19,True
portfolio-heartbeat-explore-native-qualifiedv13-01,32,auto-19,5703.34233,31.19,True
portfolio-heartbeat-explore-native-qualifiedv13-01,33,auto-20,6003.51691,31.19,True
portfolio-heartbeat-explore-native-qualifiedv13-01,34,auto-21,6303.667197,31.19,True
portfolio-heartbeat-explore-native-qualifiedv13-01,35,agent-14,6594.356233,25.94,True
portfolio-heartbeat-explore-native-qualifiedv13-01,36,auto-22,6603.831187,25.94,True
portfolio-heartbeat-explore-native-qualifiedv13-01,37,agent-15,6724.954047,30.97,True
portfolio-heartbeat-explore-native-qualifiedv13-01,38,auto-23,6904.012278,31.19,True
portfolio-heartbeat-explore-native-qualifiedv13-01,39,auto-24,7204.19391,31.19,True
portfolio-heartbeat-explore-native-qualifiedv13-01,40,auto-25,7504.529145,31.19,True
portfolio-heartbeat-explore-native-qualifiedv13-01,41,agent-16,7656.031585,21.06,True
portfolio-heartbeat-explore-native-qualifiedv13-01,42,auto-26,7804.748808,31.19,True
portfolio-heartbeat-explore-native-qualifiedv13-01,43,auto-27,8105.019311,31.19,True
portfolio-heartbeat-explore-native-qualifiedv13-01,44,auto-28,8405.756561,31.19,True
portfolio-heartbeat-explore-native-qualifiedv13-01,45,auto-29,8707.659374,31.19,True
portfolio-heartbeat-explore-native-qualifiedv13-01,46,auto-30,9013.150983,31.19,True
portfolio-heartbeat-explore-native-qualifiedv13-01,47,auto-31,9326.737973,31.19,True
portfolio-heartbeat-explore-native-qualifiedv13-01,48,auto-32,9627.002527,31.19,True
portfolio-heartbeat-explore-native-qualifiedv13-01,49,auto-33,9927.283805,31.19,True
portfolio-heartbeat-explore-native-qualifiedv13-01,50,auto-34,10227.676926,31.19,True
portfolio-heartbeat-explore-native-qualifiedv13-01,51,auto-35,10528.556096,31.19,True
portfolio-heartbeat-explore-native-qualifiedv13-01,52,auto-36,10829.87395,31.19,True
portfolio-heartbeat-explore-native-qualifiedv13-01,53,agent-17,11023.71068,28.22,True
portfolio-heartbeat-explore-native-qualifiedv13-01,54,auto-37,11130.27509,28.22,True
portfolio-heartbeat-explore-native-qualifiedv13-01,55,auto-38,11430.865944,31.19,True
portfolio-heartbeat-explore-native-qualifiedv13-01,56,auto-39,11731.9195,31.19,True
portfolio-heartbeat-explore-native-qualifiedv13-01,57,auto-40,12033.101955,31.19,True
portfolio-heartbeat-explore-native-qualifiedv13-01,58,auto-41,12334.242981,31.19,True
portfolio-heartbeat-explore-native-qualifiedv13-01,59,auto-42,12635.632894,31.19,True
portfolio-heartbeat-explore-native-qualifiedv13-01,60,auto-43,12936.147951,31.19,True
portfolio-heartbeat-explore-native-qualifiedv13-01,61,auto-44,13237.254298,31.19,True
portfolio-heartbeat-explore-native-qualifiedv13-01,62,auto-45,13538.236323,31.19,True
portfolio-heartbeat-explore-native-qualifiedv13-01,63,auto-46,13839.025387,31.19,True
portfolio-heartbeat-explore-native-qualifiedv13-01,64,auto-47,14139.549203,31.19,True
portfolio-heartbeat-explore-native-qualifiedv13-01,65,auto-48,14441.011632,31.19,True
portfolio-heartbeat-explore-native-qualifiedv13-01,66,auto-49,14742.467477,31.19,True
portfolio-heartbeat-explore-native-qualifiedv13-01,67,auto-50,15042.882397,31.19,True
portfolio-heartbeat-explore-native-qualifiedv13-01,68,auto-51,15344.020985,31.19,True
portfolio-heartbeat-explore-native-qualifiedv13-01,69,auto-52,15644.541365,31.19,True
portfolio-heartbeat-explore-native-qualifiedv13-01,70,auto-53,15946.115915,31.19,True
portfolio-heartbeat-explore-native-qualifiedv13-01,71,auto-54,16246.832597,31.19,True
portfolio-heartbeat-explore-native-qualifiedv13-01,72,auto-55,16548.247593,31.19,True
portfolio-heartbeat-explore-native-qualifiedv13-01,73,agent-18,16821.807863,22.6,True
portfolio-heartbeat-explore-native-qualifiedv13-01,74,auto-56,16848.511279,22.6,True
portfolio-heartbeat-explore-native-qualifiedv13-01,75,auto-57,17148.841305,22.6,True
portfolio-heartbeat-explore-native-qualifiedv13-01,76,auto-58,17449.844808,31.19,True
portfolio-heartbeat-explore-native-qualifiedv13-01,77,auto-59,17750.532024,31.19,True
portfolio-heartbeat-explore-native-qualifiedv13-01,78,auto-60,18051.346496,31.19,True
portfolio-heartbeat-explore-native-qualifiedv13-01,79,auto-61,18352.09622,31.19,True
portfolio-heartbeat-explore-native-qualifiedv13-01,80,auto-62,18653.421364,31.19,True
portfolio-heartbeat-explore-native-qualifiedv13-01,81,auto-63,18954.165633,31.19,True
portfolio-heartbeat-explore-native-qualifiedv13-01,82,auto-64,19255.883175,31.19,True
portfolio-heartbeat-explore-native-qualifiedv13-01,83,auto-65,19556.961951,31.19,True
portfolio-heartbeat-explore-native-qualifiedv13-01,84,auto-66,19857.791011,31.19,True
portfolio-heartbeat-explore-native-qualifiedv13-01,85,auto-67,20158.134799,31.19,True
portfolio-heartbeat-explore-native-qualifiedv13-01,86,auto-68,20459.938427,31.19,True
portfolio-heartbeat-explore-native-qualifiedv13-01,87,auto-69,20761.929364,31.19,True
portfolio-heartbeat-explore-native-qualifiedv13-01,88,auto-70,21063.353492,31.19,True
portfolio-heartbeat-explore-native-qualifiedv13-01,89,auto-71,21364.129718,31.19,True
portfolio-heartbeat-explore-native-qualifiedv13-01,90,auto-72,21665.40565,31.19,True
portfolio-heartbeat-explore-native-qualifiedv13-01,91,auto-73,21965.764179,31.19,True
portfolio-heartbeat-explore-native-qualifiedv13-01,92,auto-74,22267.26821,31.19,True
portfolio-heartbeat-explore-native-qualifiedv13-01,93,auto-75,22567.48043,31.19,True
portfolio-heartbeat-explore-native-qualifiedv13-01,94,auto-76,22867.911095,31.19,True
portfolio-heartbeat-explore-native-qualifiedv13-01,95,auto-77,23168.225384,31.19,True
portfolio-heartbeat-explore-native-qualifiedv13-01,96,auto-78,23468.843901,31.19,True
portfolio-heartbeat-explore-native-qualifiedv13-01,97,auto-79,23769.506845,31.19,True
portfolio-heartbeat-explore-native-qualifiedv13-01,98,auto-80,24070.708781,31.19,True
portfolio-heartbeat-explore-native-qualifiedv13-01,99,auto-81,24371.262276,31.19,True
portfolio-heartbeat-explore-native-qualifiedv13-01,100,auto-82,24671.898646,31.19,True
portfolio-heartbeat-explore-native-qualifiedv13-01,101,auto-83,24972.905593,31.19,True
portfolio-heartbeat-explore-native-qualifiedv13-01,102,auto-84,25273.748407,31.19,True
portfolio-heartbeat-explore-native-qualifiedv13-01,103,auto-85,25574.371273,31.19,True
portfolio-heartbeat-explore-native-qualifiedv13-01,104,auto-86,25874.990918,31.19,True
portfolio-heartbeat-explore-native-qualifiedv13-01,105,auto-87,26175.511108,31.19,True
portfolio-heartbeat-explore-native-qualifiedv13-01,106,auto-88,26475.788068,31.19,True
portfolio-heartbeat-explore-native-qualifiedv13-01,107,auto-89,26776.49629,31.19,True
portfolio-heartbeat-explore-native-qualifiedv13-01,108,auto-90,27077.221532,31.19,True
portfolio-heartbeat-explore-native-qualifiedv13-01,109,auto-91,27377.809907,31.19,True
portfolio-heartbeat-explore-native-qualifiedv13-01,110,auto-92,27678.286046,31.19,True
portfolio-heartbeat-explore-native-qualifiedv13-01,111,auto-93,27979.062195,31.19,True
portfolio-heartbeat-explore-native-qualifiedv13-01,112,auto-94,28281.036412,31.19,True
portfolio-heartbeat-explore-native-qualifiedv13-01,113,auto-95,28582.491902,31.19,True
portfolio-heartbeat-explore-native-qualifiedv13-01,114,auto-96,28883.636262,31.19,True
portfolio-heartbeat-explore-native-qualifiedv13-01,115,auto-97,29184.570626,31.19,True
portfolio-heartbeat-explore-native-qualifiedv13-01,116,auto-98,29486.103108,31.19,True
portfolio-heartbeat-explore-native-qualifiedv13-01,117,auto-99,29787.438836,31.19,True
portfolio-heartbeat-explore-native-qualifiedv13-01,118,auto-100,30088.798841,31.19,True
portfolio-heartbeat-explore-native-qualifiedv13-01,119,auto-101,30389.115802,31.19,True
portfolio-heartbeat-explore-native-qualifiedv13-01,120,auto-102,30689.930099,31.19,True
portfolio-heartbeat-explore-native-qualifiedv13-01,121,auto-103,30990.572341,31.19,True
portfolio-heartbeat-explore-native-qualifiedv13-01,122,auto-104,31291.441431,31.19,True
portfolio-heartbeat-explore-native-qualifiedv13-01,123,auto-105,31591.908325,31.19,True
portfolio-heartbeat-explore-native-qualifiedv13-01,124,auto-106,31892.171634,31.19,True
portfolio-heartbeat-explore-native-qualifiedv13-01,125,auto-107,32192.805679,31.19,True
portfolio-heartbeat-explore-native-qualifiedv13-01,126,auto-108,32494.23498,31.19,True
portfolio-heartbeat-explore-native-qualifiedv13-01,127,auto-109,32795.214441,31.19,True
portfolio-heartbeat-explore-native-qualifiedv13-01,128,auto-110,33096.302019,31.19,True
portfolio-heartbeat-explore-native-qualifiedv13-01,129,auto-111,33397.411362,31.19,True
portfolio-heartbeat-explore-native-qualifiedv13-01,130,auto-112,33698.383675,31.19,True
portfolio-heartbeat-explore-native-qualifiedv13-01,131,agent-19,33961.65542,21.19,True
portfolio-heartbeat-explore-native-qualifiedv13-01,132,auto-113,33999.231383,21.19,True
portfolio-heartbeat-explore-native-qualifiedv13-01,133,auto-114,34299.575236,21.19,True
portfolio-heartbeat-explore-native-qualifiedv13-01,134,agent-20,34556.056248,31.19,True
portfolio-heartbeat-explore-native-qualifiedv13-01,135,auto-115,34599.835985,31.19,True
portfolio-heartbeat-explore-native-qualifiedv13-01,136,auto-116,34901.048272,31.19,True
portfolio-heartbeat-explore-native-qualifiedv13-01,137,auto-117,35202.680387,31.19,True
portfolio-heartbeat-explore-native-qualifiedv13-01,138,auto-118,35503.834639,31.19,True
portfolio-heartbeat-explore-native-qualifiedv13-01,139,auto-119,35805.210043,31.19,True
portfolio-heartbeat-explore-native-qualifiedv13-01,140,auto-120,36105.687109,31.19,True
portfolio-heartbeat-explore-native-qualifiedv13-01,141,auto-121,36406.794148,31.19,True
portfolio-heartbeat-explore-native-qualifiedv13-01,142,auto-122,36707.736459,31.19,True
portfolio-heartbeat-explore-native-qualifiedv13-01,143,auto-123,37008.326769,31.19,True
portfolio-heartbeat-explore-native-qualifiedv13-01,144,auto-124,37309.408098,31.19,True
portfolio-heartbeat-explore-native-qualifiedv13-01,145,auto-125,37610.399926,31.19,True
portfolio-heartbeat-explore-native-qualifiedv13-01,146,auto-126,37911.757695,31.19,True
portfolio-heartbeat-explore-native-qualifiedv13-01,147,auto-127,38213.832116,31.19,True
portfolio-heartbeat-explore-native-qualifiedv13-01,148,auto-128,38516.499565,31.19,True
portfolio-heartbeat-explore-native-qualifiedv13-01,149,auto-129,38818.351633,31.19,True
portfolio-heartbeat-explore-native-qualifiedv13-01,150,auto-130,39119.134329,31.19,True
portfolio-heartbeat-explore-native-qualifiedv13-01,151,auto-131,39419.513614,31.19,True
portfolio-heartbeat-explore-native-qualifiedv13-01,152,auto-132,39720.887125,31.19,True
portfolio-heartbeat-explore-native-qualifiedv13-01,153,auto-133,40022.860653,31.19,True
portfolio-heartbeat-explore-native-qualifiedv13-01,154,auto-134,40323.836436,31.19,True
portfolio-heartbeat-explore-native-qualifiedv13-01,155,auto-135,40625.02496,31.19,True
portfolio-heartbeat-explore-native-qualifiedv13-01,156,auto-136,40926.230573,31.19,True
portfolio-heartbeat-explore-native-qualifiedv13-01,157,auto-137,41226.720467,31.19,True
portfolio-heartbeat-explore-native-qualifiedv13-01,158,auto-138,41527.83186,31.19,True
portfolio-heartbeat-explore-native-qualifiedv13-01,159,agent-21,41641.530607,22.49,True
portfolio-heartbeat-explore-native-qualifiedv13-01,160,auto-139,41828.646939,31.19,True
portfolio-heartbeat-explore-native-qualifiedv13-01,161,auto-140,42130.538954,31.19,True
portfolio-heartbeat-explore-native-qualifiedv13-01,162,auto-141,42431.465058,31.19,True
portfolio-heartbeat-explore-native-qualifiedv13-01,163,auto-142,42733.097176,31.19,True
portfolio-heartbeat-explore-blind-qualifiedv13-02,1,auto-1,299.816607,0.0,True
portfolio-heartbeat-explore-blind-qualifiedv13-02,2,auto-2,599.990752,0.0,True
portfolio-heartbeat-explore-blind-qualifiedv13-02,3,auto-3,900.243627,14.96,True
portfolio-heartbeat-explore-blind-qualifiedv13-02,4,auto-4,1200.42444,1.26,True
portfolio-heartbeat-explore-blind-qualifiedv13-02,5,auto-5,1500.580159,5.26,True
portfolio-heartbeat-explore-blind-qualifiedv13-02,6,auto-6,1800.761011,5.26,True
portfolio-heartbeat-explore-blind-qualifiedv13-02,7,auto-7,2100.949261,5.26,True
portfolio-heartbeat-explore-blind-qualifiedv13-02,8,auto-8,2401.152474,5.26,True
portfolio-heartbeat-explore-blind-qualifiedv13-02,9,auto-9,2701.328608,5.26,True
portfolio-heartbeat-explore-blind-qualifiedv13-02,10,auto-10,3001.488081,5.26,True
portfolio-heartbeat-explore-blind-qualifiedv13-02,11,auto-11,3301.667493,5.77,True
portfolio-heartbeat-explore-blind-qualifiedv13-02,12,auto-12,3601.819948,5.77,True
portfolio-heartbeat-explore-blind-qualifiedv13-02,13,auto-13,3902.010592,5.77,True
portfolio-heartbeat-explore-blind-qualifiedv13-02,14,auto-14,4202.156314,5.77,True
portfolio-heartbeat-explore-blind-qualifiedv13-02,15,auto-15,4502.303357,9.3,True
portfolio-heartbeat-explore-blind-qualifiedv13-02,16,auto-16,4802.450473,9.3,True
portfolio-heartbeat-explore-blind-qualifiedv13-02,17,auto-17,5102.58961,9.3,True
portfolio-heartbeat-explore-blind-qualifiedv13-02,18,auto-18,5402.745536,9.3,True
portfolio-heartbeat-explore-blind-qualifiedv13-02,19,auto-19,5702.890851,9.3,True
portfolio-heartbeat-explore-blind-qualifiedv13-02,20,auto-20,6003.030542,9.3,True
portfolio-heartbeat-explore-blind-qualifiedv13-02,21,auto-21,6303.180457,9.3,True
portfolio-heartbeat-explore-blind-qualifiedv13-02,22,auto-22,6603.398056,4.27,True
portfolio-heartbeat-explore-blind-qualifiedv13-02,23,auto-23,6903.57048,4.27,True
portfolio-heartbeat-explore-blind-qualifiedv13-02,24,auto-24,7203.828141,4.27,True
portfolio-heartbeat-explore-blind-qualifiedv13-02,25,auto-25,7504.008764,4.27,True
portfolio-heartbeat-explore-blind-qualifiedv13-02,26,auto-26,7804.306709,4.27,True
portfolio-heartbeat-explore-blind-qualifiedv13-02,27,auto-27,8105.386199,4.27,True
portfolio-heartbeat-explore-blind-qualifiedv13-02,28,auto-28,8406.926609,4.27,True
portfolio-heartbeat-explore-blind-qualifiedv13-02,29,auto-29,8711.933699,4.27,True
portfolio-heartbeat-explore-blind-qualifiedv13-02,30,auto-30,9022.645158,4.27,True
portfolio-heartbeat-explore-blind-qualifiedv13-02,31,auto-31,9325.60719,4.27,True
portfolio-heartbeat-explore-blind-qualifiedv13-02,32,auto-32,9625.984142,4.27,True
portfolio-heartbeat-explore-blind-qualifiedv13-02,33,auto-33,9926.277333,4.27,True
portfolio-heartbeat-explore-blind-qualifiedv13-02,34,auto-34,10226.767281,4.27,True
portfolio-heartbeat-explore-blind-qualifiedv13-02,35,auto-35,10527.533884,4.27,True
portfolio-heartbeat-explore-blind-qualifiedv13-02,36,auto-36,10828.672936,4.27,True
portfolio-heartbeat-explore-blind-qualifiedv13-02,37,auto-37,11129.569736,4.27,True
portfolio-heartbeat-explore-blind-qualifiedv13-02,38,auto-38,11430.702217,4.27,True
portfolio-heartbeat-explore-blind-qualifiedv13-02,39,auto-39,11731.480045,4.27,True
portfolio-heartbeat-explore-blind-qualifiedv13-02,40,auto-40,12032.806914,4.27,True
portfolio-heartbeat-explore-blind-qualifiedv13-02,41,auto-41,12333.947166,4.27,True
portfolio-heartbeat-explore-blind-qualifiedv13-02,42,auto-42,12634.482029,4.27,True
portfolio-heartbeat-explore-blind-qualifiedv13-02,43,auto-43,12935.149186,4.27,True
portfolio-heartbeat-explore-blind-qualifiedv13-02,44,auto-44,13236.171782,4.27,True
portfolio-heartbeat-explore-blind-qualifiedv13-02,45,auto-45,13538.031831,4.27,True
portfolio-heartbeat-explore-blind-qualifiedv13-02,46,auto-46,13838.943286,4.27,True
portfolio-heartbeat-explore-blind-qualifiedv13-02,47,auto-47,14139.37578,4.27,True
portfolio-heartbeat-explore-blind-qualifiedv13-02,48,auto-48,14440.732325,4.27,True
portfolio-heartbeat-explore-blind-qualifiedv13-02,49,auto-49,14741.854901,4.27,True
portfolio-heartbeat-explore-blind-qualifiedv13-02,50,auto-50,15042.189224,4.27,True
portfolio-heartbeat-explore-blind-qualifiedv13-02,51,auto-51,15343.150084,4.27,True
portfolio-heartbeat-explore-blind-qualifiedv13-02,52,auto-52,15643.891004,4.27,True
portfolio-heartbeat-explore-blind-qualifiedv13-02,53,auto-53,15944.272042,4.27,True
portfolio-heartbeat-explore-blind-qualifiedv13-02,54,auto-54,16245.618586,4.27,True
portfolio-heartbeat-explore-blind-qualifiedv13-02,55,auto-55,16546.356562,4.27,True
portfolio-heartbeat-explore-blind-qualifiedv13-02,56,auto-56,16846.673108,4.27,True
portfolio-heartbeat-explore-blind-qualifiedv13-02,57,auto-57,17147.205404,4.27,True
portfolio-heartbeat-explore-blind-qualifiedv13-02,58,auto-58,17448.93603,4.27,True
portfolio-heartbeat-explore-blind-qualifiedv13-02,59,auto-59,17749.322922,4.27,True
portfolio-heartbeat-explore-blind-qualifiedv13-02,60,auto-60,18050.639125,4.27,True
portfolio-heartbeat-explore-blind-qualifiedv13-02,61,auto-61,18351.198338,4.27,True
portfolio-heartbeat-explore-blind-qualifiedv13-02,62,auto-62,18651.842284,4.27,True
portfolio-heartbeat-explore-blind-qualifiedv13-02,63,auto-63,18952.172364,4.27,True
portfolio-heartbeat-explore-blind-qualifiedv13-02,64,auto-64,19253.565083,4.27,True
portfolio-heartbeat-explore-blind-qualifiedv13-02,65,auto-65,19554.439015,4.27,True
portfolio-heartbeat-explore-blind-qualifiedv13-02,66,auto-66,19854.770812,4.27,True
portfolio-heartbeat-explore-blind-qualifiedv13-02,67,auto-67,20156.023397,4.27,True
portfolio-heartbeat-explore-blind-qualifiedv13-02,68,auto-68,20458.083318,4.27,True
portfolio-heartbeat-explore-blind-qualifiedv13-02,69,auto-69,20760.486191,4.27,True
portfolio-heartbeat-explore-blind-qualifiedv13-02,70,auto-70,21061.126631,4.27,True
portfolio-heartbeat-explore-blind-qualifiedv13-02,71,auto-71,21362.714339,4.27,True
portfolio-heartbeat-explore-blind-qualifiedv13-02,72,auto-72,21663.374774,4.27,True
portfolio-heartbeat-explore-blind-qualifiedv13-02,73,auto-73,21964.303763,4.27,True
portfolio-heartbeat-explore-blind-qualifiedv13-02,74,auto-74,22264.787024,4.27,True
portfolio-heartbeat-explore-blind-qualifiedv13-02,75,auto-75,22565.298951,4.27,True
portfolio-heartbeat-explore-blind-qualifiedv13-02,76,auto-76,22865.900451,4.27,True
portfolio-heartbeat-explore-blind-qualifiedv13-02,77,auto-77,23166.62186,4.27,True
portfolio-heartbeat-explore-blind-qualifiedv13-02,78,auto-78,23467.011744,4.27,True
portfolio-heartbeat-explore-blind-qualifiedv13-02,79,auto-79,23768.402725,4.27,True
portfolio-heartbeat-explore-blind-qualifiedv13-02,80,auto-80,24069.447859,4.27,True
portfolio-heartbeat-explore-blind-qualifiedv13-02,81,auto-81,24370.005554,4.27,True
portfolio-heartbeat-explore-blind-qualifiedv13-02,82,auto-82,24670.469836,4.27,True
portfolio-heartbeat-explore-blind-qualifiedv13-02,83,auto-83,24970.821069,4.27,True
portfolio-heartbeat-explore-blind-qualifiedv13-02,84,auto-84,25271.041948,4.27,True
portfolio-heartbeat-explore-blind-qualifiedv13-02,85,auto-85,25571.695798,4.27,True
portfolio-heartbeat-explore-blind-qualifiedv13-02,86,auto-86,25872.756603,4.27,True
portfolio-heartbeat-explore-blind-qualifiedv13-02,87,auto-87,26173.204213,4.27,True
portfolio-heartbeat-explore-blind-qualifiedv13-02,88,auto-88,26473.609645,4.27,True
portfolio-heartbeat-explore-blind-qualifiedv13-02,89,auto-89,26774.079708,4.27,True
portfolio-heartbeat-explore-blind-qualifiedv13-02,90,auto-90,27074.594635,4.27,True
portfolio-heartbeat-explore-blind-qualifiedv13-02,91,auto-91,27376.332176,4.27,True
portfolio-heartbeat-explore-blind-qualifiedv13-02,92,auto-92,27678.053588,4.27,True
portfolio-heartbeat-explore-blind-qualifiedv13-02,93,auto-93,27979.263591,4.27,True
portfolio-heartbeat-explore-blind-qualifiedv13-02,94,auto-94,28280.899547,4.27,True
portfolio-heartbeat-explore-blind-qualifiedv13-02,95,auto-95,28581.358695,4.27,True
portfolio-heartbeat-explore-blind-qualifiedv13-02,96,auto-96,28881.757443,4.27,True
portfolio-heartbeat-explore-blind-qualifiedv13-02,97,auto-97,29183.949857,4.27,True
portfolio-heartbeat-explore-blind-qualifiedv13-02,98,auto-98,29486.003747,4.27,True
portfolio-heartbeat-explore-blind-qualifiedv13-02,99,auto-99,29787.355911,4.27,True
portfolio-heartbeat-explore-blind-qualifiedv13-02,100,auto-100,30087.719499,4.27,True
portfolio-heartbeat-explore-blind-qualifiedv13-02,101,auto-101,30388.780136,4.27,True
portfolio-heartbeat-explore-blind-qualifiedv13-02,102,auto-102,30689.866744,4.27,True
portfolio-heartbeat-explore-blind-qualifiedv13-02,103,auto-103,30990.065897,4.27,True
portfolio-heartbeat-explore-blind-qualifiedv13-02,104,auto-104,31291.028594,4.27,True
portfolio-heartbeat-explore-blind-qualifiedv13-02,105,auto-105,31591.299437,4.27,True
portfolio-heartbeat-explore-blind-qualifiedv13-02,106,auto-106,31892.044656,4.27,True
portfolio-heartbeat-explore-blind-qualifiedv13-02,107,auto-107,32193.054742,4.27,True
portfolio-heartbeat-explore-blind-qualifiedv13-02,108,auto-108,32494.689312,4.27,True
portfolio-heartbeat-explore-blind-qualifiedv13-02,109,auto-109,32795.908674,4.27,True
portfolio-heartbeat-explore-blind-qualifiedv13-02,110,auto-110,33096.853089,4.27,True
portfolio-heartbeat-explore-blind-qualifiedv13-02,111,auto-111,33397.400779,4.27,True
portfolio-heartbeat-explore-blind-qualifiedv13-02,112,auto-112,33698.135275,4.27,True
portfolio-heartbeat-explore-blind-qualifiedv13-02,113,auto-113,33998.429398,4.27,True
portfolio-heartbeat-explore-blind-qualifiedv13-02,114,auto-114,34298.789096,4.27,True
portfolio-heartbeat-explore-blind-qualifiedv13-02,115,auto-115,34599.526299,4.27,True
portfolio-heartbeat-explore-blind-qualifiedv13-02,116,auto-116,34901.023838,4.27,True
portfolio-heartbeat-explore-blind-qualifiedv13-02,117,auto-117,35202.196093,4.27,True
portfolio-heartbeat-explore-blind-qualifiedv13-02,118,auto-118,35503.415706,4.27,True
portfolio-heartbeat-explore-blind-qualifiedv13-02,119,auto-119,35804.457735,4.27,True
portfolio-heartbeat-explore-blind-qualifiedv13-02,120,auto-120,36106.10755,4.27,True
portfolio-heartbeat-explore-blind-qualifiedv13-02,121,auto-121,36407.151298,4.27,True
portfolio-heartbeat-explore-blind-qualifiedv13-02,122,auto-122,36707.725872,4.27,True
portfolio-heartbeat-explore-blind-qualifiedv13-02,123,auto-123,37008.218839,4.27,True
portfolio-heartbeat-explore-blind-qualifiedv13-02,124,auto-124,37308.872627,4.27,True
portfolio-heartbeat-explore-blind-qualifiedv13-02,125,auto-125,37609.751325,4.27,True
portfolio-heartbeat-explore-blind-qualifiedv13-02,126,auto-126,37912.984751,4.27,True
portfolio-heartbeat-explore-blind-qualifiedv13-02,127,auto-127,38215.566229,4.27,True
portfolio-heartbeat-explore-blind-qualifiedv13-02,128,auto-128,38517.286853,4.27,True
portfolio-heartbeat-explore-blind-qualifiedv13-02,129,auto-129,38818.266402,4.27,True
portfolio-heartbeat-explore-blind-qualifiedv13-02,130,auto-130,39118.602756,4.27,True
portfolio-heartbeat-explore-blind-qualifiedv13-02,131,auto-131,39420.069088,4.27,True
portfolio-heartbeat-explore-blind-qualifiedv13-02,132,auto-132,39721.984917,4.27,True
portfolio-heartbeat-explore-blind-qualifiedv13-02,133,auto-133,40023.46296,4.27,True
portfolio-heartbeat-explore-blind-qualifiedv13-02,134,auto-134,40324.742287,4.27,True
portfolio-heartbeat-explore-blind-qualifiedv13-02,135,auto-135,40626.127508,4.27,True
portfolio-heartbeat-explore-blind-qualifiedv13-02,136,auto-136,40927.242221,4.27,True
portfolio-heartbeat-explore-blind-qualifiedv13-02,137,auto-137,41227.786402,4.27,True
portfolio-heartbeat-explore-blind-qualifiedv13-02,138,auto-138,41528.543465,4.27,True
portfolio-heartbeat-explore-blind-qualifiedv13-02,139,auto-139,41829.479105,4.27,True
portfolio-heartbeat-explore-blind-qualifiedv13-02,140,auto-140,42131.540448,4.27,True
portfolio-heartbeat-explore-blind-qualifiedv13-02,141,auto-141,42433.940112,4.27,True
portfolio-heartbeat-explore-blind-qualifiedv13-02,142,auto-142,42735.077985,0.0,True
